<?xml version="1.0" encoding="UTF-8"?>
<beans xmlns="http://www.springframework.org/schema/beans"
	xmlns:xsi="http://www.w3.org/2001/XMLSchema-instance"
    xmlns:util="http://www.springframework.org/schema/util"
    xmlns:context="http://www.springframework.org/schema/context"
    xmlns:mvc="http://www.springframework.org/schema/mvc"
	xsi:schemaLocation="
        http://www.springframework.org/schema/context
        http://www.springframework.org/schema/context/spring-context-4.3.xsd
        http://www.springframework.org/schema/mvc
        http://www.springframework.org/schema/mvc/spring-mvc-4.3.xsd
        http://www.springframework.org/schema/util http://www.springframework.org/schema/util/spring-util-4.3.xsd
		http://www.springframework.org/schema/beans 
		http://www.springframework.org/schema/beans/spring-beans-4.3.xsd">
   
    <context:annotation-config/>   
    <context:component-scan base-package="ca.gc.ic.cipo.tm.madridconsole.*"/>
    <mvc:annotation-driven />   
    <mvc:default-servlet-handler/>   
 
     <!-- Common Configuration -->  
    <import resource="classpath:commonConfigurationContext.xml"/>
    
    <!-- Set Log4j to be reloadable - Defined here for testing purposes 
    <bean id="log4jReloadableProperties" class="ca.gc.ic.cipo.ReloadableProperties">
        <constructor-arg name="filePath" value = "${log4j.reloadable.properties.path}"/>
        <constructor-arg name="reloadStrategy" ref="fileChangedReloadStrategy"/>
    </bean>
      
    <bean id="fileChangedReloadStrategy" class="ca.gc.ic.cipo.FileReloadStrategy">
    	<property name="refreshDelay" value="1000"/>
    </bean>
    -->    
    
    
	<!-- ========================= FILTER DEFINITIONS ========================= -->
  
    <!-- load message resource bundle  -->
    <bean id="messageSource" class="org.springframework.context.support.ReloadableResourceBundleMessageSource">
      <property name="basename" value="/WEB-INF/classes/messages" />
    </bean>
    
    <bean id="viewResolver" class="org.springframework.web.servlet.view.UrlBasedViewResolver">
      <property name="viewClass">
        <value>
          org.springframework.web.servlet.view.tiles2.TilesView
        </value>
      </property>
    </bean>    
    
    <bean id="multipartResolver" class="org.springframework.web.multipart.commons.CommonsMultipartResolver" />
    
    <bean class="org.springframework.web.servlet.view.InternalResourceViewResolver">
        <property name="prefix" value="/WEB-INF/views/jsp/"/>
        <property name="suffix" value=".jsp"/>
    </bean>    
    
    
    <bean id="tilesConfigurer" class="org.springframework.web.servlet.view.tiles2.TilesConfigurer">
      <property name="definitions">
        <list>
          <value>/WEB-INF/tiles.xml</value>
        </list>
      </property>
    </bean> 
    
  <bean id="mailSession" class="org.springframework.jndi.JndiObjectFactoryBean">
      <property name="jndiName" value="mail/corporate/MainMS"/>
      <!--    <property name="jndiName" value="${jndi.mailsession}"/> -->
        <property name="resourceRef" value="true"/>  <!-- Used to automatically prepend the string java:comp/env/ to mail/corporate/MainMS if not already present -->
    </bean>
    
    <bean id="mailSender" class="ca.gc.ic.cipo.mail.jndi.JndiSimpleMailSender">
      <property name="defaultEncoding" value="UTF-8"/>
      <!--    <property name="defaultEncoding" value="${mail.encoding}"/> -->
      <property name="session" ref="mailSession"/>
    </bean>
    

    <!-- Configures Handler Interceptors -->    
    <mvc:interceptors>
      <!-- Changes the locale when a 'locale' request parameter is sent; e.g. /?locale=de    -->          
      <bean class="org.springframework.web.servlet.i18n.LocaleChangeInterceptor">
        <property name="paramName" value="lang" />
      </bean>
      <bean id="webContentInterceptor" class="ca.gc.ic.cipo.tm.madridconsole.service.web.ConsolePreventCachingInterceptor"/>
    </mvc:interceptors>
      
    <bean id="localeResolver" class="org.springframework.web.servlet.i18n.SessionLocaleResolver"/>
 
    <bean class="org.springframework.web.servlet.mvc.annotation.AnnotationMethodHandlerAdapter">
       <property name="cacheSeconds" value="0" />
    </bean>
    
</beans>