<?xml version="1.0" encoding="UTF-8"?>

<beans:beans xmlns:beans="http://www.springframework.org/schema/beans" xmlns:xsi="http://www.w3.org/2001/XMLSchema-instance"
    xmlns:security="http://www.springframework.org/schema/security"    
    xsi:schemaLocation="http://www.springframework.org/schema/beans http://www.springframework.org/schema/beans/spring-beans.xsd
                        http://www.springframework.org/schema/security http://www.springframework.org/schema/security/spring-security-4.1.xsd">

    <security:global-method-security pre-post-annotations="enabled"/>

    <security:http pattern="/resources/**" security="none"/> 

    <!-- url must be added before /** in order to bypass authentication -->
    <security:http auto-config="false" entry-point-ref="loginUrlAuthenticationEntryPoint" use-expressions="true">
        <security:headers>
             <security:frame-options policy="SAMEORIGIN"></security:frame-options>
        </security:headers>    
        <security:intercept-url pattern="/" access="permitAll"/>
        <security:intercept-url pattern="/static/**"  access="permitAll"/>
        <security:intercept-url pattern="/css/**"  access="permitAll"/>
        <security:intercept-url pattern="/images/**"  access="permitAll"/>
        <security:intercept-url pattern="/login" access="permitAll"/>         
        <security:intercept-url pattern="/**" access="isAuthenticated()" />    
        <!-- <security:logout logout-success-url="/login" logout-url="/j_spring_security_logout" delete-cookies="JSESSIONID" invalidate-session="true"/> -->   
        <security:csrf disabled="true" />
        <security:custom-filter position="FORM_LOGIN_FILTER" ref="madridAuthenticationFilter"/>
  </security:http>

   <beans:bean id="loginUrlAuthenticationEntryPoint" class="ca.gc.ic.cipo.tm.madridconsole.security.MadridAuthenticationEntryPoint"> 
       <beans:constructor-arg value="/login"/>
   </beans:bean >
 
    <beans:bean id="madridAuthenticationFilter" class="ca.gc.ic.cipo.tm.madridconsole.security.MadridAuthenticationFilter" > 
      <beans:property name="authenticationManager" ref="authenticationManager"/> 
      <beans:property name="authenticationFailureHandler" ref="failureHandler"/> 
      <beans:property name="authenticationSuccessHandler" ref="successHandler"/>
    </beans:bean>

    <beans:bean id="successHandler" class="org.springframework.security.web.authentication.SimpleUrlAuthenticationSuccessHandler"> 
      <beans:property name="defaultTargetUrl" value="/dashboard/notifications?init=true"/>
    </beans:bean>

    <beans:bean id="failureHandler" class="org.springframework.security.web.authentication.SimpleUrlAuthenticationFailureHandler"> 
      <beans:property name="defaultFailureUrl" value="/login"/>
    </beans:bean>

    <!-- Declare an authentication-manager to use a custom userDetailsService -->
    <security:authentication-manager alias="authenticationManager"/>

</beans:beans>