<?xml version="1.0" encoding="UTF-8"?>
 <!DOCTYPE tiles-definitions PUBLIC
          "-//Apache Software Foundation//DTD Tiles Configuration 2.1//EN"
          "http://tiles.apache.org/dtds/tiles-config_2_1.dtd">

<tiles-definitions>

	<!-- Default layout -->
	<definition name="defaultLayout" template="/WEB-INF/views/jsp/model.jsp" >
        <put-attribute name="head"       value="/WEB-INF/views/jsp/head.jsp" />
		<put-attribute name="header"     value="/WEB-INF/views/jsp/header.jsp"/> 
		<put-attribute name="footer"     value="/WEB-INF/views/jsp/footer.jsp"/>
        <put-attribute name="navigationBar"    value="/WEB-INF/views/jsp/navigationBar.jsp"/>
         <!-- <put-attribute name="legend"          value="/WEB-INF/views/jsp/tasks/legend.jsp"/> -->
	   	<put-attribute name="onload"     value=""/>
		<put-attribute name="content"    value=""/>
		<put-attribute name="pageName"   value=""/>
	</definition>
  
    <definition name="loginLayout" template="/WEB-INF/views/jsp/model.jsp">
      <put-attribute name="head"      value="/WEB-INF/views/jsp/head.jsp" />
      <put-attribute name="header"     value="/WEB-INF/views/jsp/header.jsp"/> 
      <put-attribute name="footer"     value="/WEB-INF/views/jsp/footerlogin.jsp"/>
      <put-attribute name="navigationBar"    value="/WEB-INF/views/jsp/loginNavigationBar.jsp"/>
      <put-attribute name="onload"     value=""/>
      <put-attribute name="content"    value=""/>
      <put-attribute name="pageName"   value=""/>
    </definition>

	<!--  Login -->
    <definition name="loginForm" extends="loginLayout">
    	<put-attribute name="content"    value="/WEB-INF/views/jsp/login.jsp"/>
		<put-attribute name="pageName"   value="login"/>
    </definition>

   <!-- Exception Page -->
   <definition name="webException" extends="defaultLayout">  
    	<put-attribute name="content"    value="/WEB-INF/views/jsp/exception.jsp"/>
   </definition>  
   
   <!--  dashboard my tasks -->
    <definition name="dashboard" extends="defaultLayout">
      <put-attribute name="content">
        <definition template="/WEB-INF/views/jsp/dashboard.jsp">
          <!-- <put-attribute name="legend"          value="/WEB-INF/views/jsp/tasks/legend.jsp"/> -->
          <put-attribute name="taskDatatable"   value="/WEB-INF/views/jsp/tasks/mytaskDatatable.jsp"/>         
        </definition>
      </put-attribute>
      <put-attribute name="pageName"   value="dashboard"/>
    </definition>
 
    <!--  dashboard task bucket -->
    <definition name="taskBucket" extends="defaultLayout">
      <put-attribute name="content">
        <definition template="/WEB-INF/views/jsp/tasks/taskBucket.jsp">
          <!-- <put-attribute name="legend"          value="/WEB-INF/views/jsp/tasks/legend.jsp"/> -->
          <put-attribute name="taskDatatable"   value="/WEB-INF/views/jsp/tasks/taskDatatable.jsp"/>         
        </definition>
      </put-attribute>
      <put-attribute name="pageName"   value="dashboard"/>
    </definition>
    
    <!--  dashboard notifications -->
    <definition name="notifications" extends="defaultLayout">
      <put-attribute name="content">
        <definition template="/WEB-INF/views/jsp/tasks/notifications.jsp">
          <!-- <put-attribute name="legend"          value="/WEB-INF/views/jsp/tasks/legend.jsp"/> -->
          <put-attribute name="taskDatatable"   value="/WEB-INF/views/jsp/tasks/notiftaskDatatable.jsp"/>         
        </definition>
      </put-attribute>
      <put-attribute name="pageName"   value="dashboard"/>
    </definition>
    
    <!--  MF3A -->
    <definition name="MF3A" extends="defaultLayout">
      <put-attribute name="content">
        <definition template="/WEB-INF/views/jsp/processtask/taskprocess.jsp">
          <!-- <put-attribute name="legend"          value=""/> -->
          <put-attribute name="detail"   value="/WEB-INF/views/jsp/processtask/MF3A.jsp"/>         
        </definition>
      </put-attribute>
      <put-attribute name="pageName"   value="goodsandservice"/>
    </definition>

    <!--  MF9 -->
    <definition name="MF9" extends="defaultLayout">
      <put-attribute name="content">
        <definition template="/WEB-INF/views/jsp/processtask/taskprocess.jsp">
          <!-- <put-attribute name="legend"          value=""/> -->
          <put-attribute name="detail"   value="/WEB-INF/views/jsp/processtask/MF9.jsp"/>         
        </definition>
      </put-attribute>
      <put-attribute name="pageName"   value="goodsandservice"/>
    </definition>

    <!--  MF13 -->
    <definition name="MF13" extends="defaultLayout">
      <put-attribute name="content">
        <definition template="/WEB-INF/views/jsp/processtask/taskprocess.jsp">
          <!-- <put-attribute name="legend"          value=""/> -->
          <put-attribute name="detail"   value="/WEB-INF/views/jsp/processtask/MF13.jsp"/>         
        </definition>
      </put-attribute>
      <put-attribute name="pageName"   value="goodsandservice"/>
    </definition>
 
     <!--  Eedit Mailing Label  -->
    <definition name="EditMailingLabel" extends="defaultLayout">
      <put-attribute name="content">
        <definition template="/WEB-INF/views/jsp/processtask/taskprocess.jsp">
          <!-- <put-attribute name="legend"          value=""/> -->
          <put-attribute name="detail"   value="/WEB-INF/views/jsp/processtask/EditMailingLabel.jsp"/>         
        </definition>
      </put-attribute>
      <put-attribute name="pageName"   value="goodsandservice"/>
    </definition>
  
    
     <!--  WIPO transmissions -->
     <definition name="wipotransmissions" extends="defaultLayout">
      <put-attribute name="content">
        <definition template="/WEB-INF/views/jsp/wipotransmissions/financepackagedisplay.jsp">
        </definition>
      </put-attribute>
       <put-attribute name="bulletincontent">
          <definition template="/WEB-INF/views/jsp/wipotransmissions/bulletinpackagedisplay.jsp">
          </definition>
      </put-attribute>
      <put-attribute name="OfficetoIBcontent">
          <definition template="/WEB-INF/views/jsp/wipotransmissions/OfficetoIBpackagedisplay.jsp">
        </definition>
      </put-attribute>
      <put-attribute name="admin">
          <definition template="/WEB-INF/views/jsp/wipotransmissions/admin.jsp">
        </definition>
      </put-attribute>
      
      <put-attribute name="pageName"   value="wipoTransmissions"/>
    </definition>
    
     <!--  Help page -->
<!--      <definition name="help" extends="defaultLayout">
      <put-attribute name="content">
        <definition template="/WEB-INF/views/jsp/help.jsp">
          <put-attribute name="legend"          value="/WEB-INF/views/jsp/tasks/legend.jsp"/>
          <put-attribute name="taskDatatable"   value="/WEB-INF/views/jsp/tasks/taskDatatable.jsp"/>         
        </definition>
      </put-attribute>
      <put-attribute name="pageName"   value="dashboard"/>
    </definition> -->
       	
    <definition name="groupmanage" extends="defaultLayout">
      <put-attribute name="content" value="/WEB-INF/views/jsp/users/groupmanage.jsp"/>
      <put-attribute name="pageName"   value="dashboard"/>
    </definition>
            
    <definition name="clearLayout" template="/WEB-INF/views/jsp/popup.jsp">
      <put-attribute name="head"       value="/WEB-INF/views/jsp/head.jsp" />
      <put-attribute name="footer"     value=""/>
      <put-attribute name="navigationBar"    value=""/>
      <put-attribute name="onload"     value=""/>
      <put-attribute name="content"    value=""/>
      <put-attribute name="pageName"   value=""/>
    </definition>   
    
    <definition name="taskUserGroupAssignment" extends="clearLayout">
      <put-attribute name="content" value="/WEB-INF/views/jsp/users/taskusergroupassignment.jsp"/>
      <put-attribute name="pageName"   value="dashboard"/>
    </definition>

    <definition name="ptDOGoodandService" extends="defaultLayout">
      <put-attribute name="content">
        <definition template="/WEB-INF/views/jsp/processtask/taskprocess.jsp">
         <!--  <put-attribute name="legend"          value=""/> -->
          <put-attribute name="detail"   value="/WEB-INF/views/jsp/processtask/DOGoodsAndServiceSelect.jsp"/>         
        </definition>
      </put-attribute>
      <put-attribute name="pageName"   value="goodsandservice"/>
    </definition>

    <definition name="ptDOGoodandServiceMerge" extends="defaultLayout">
      <put-attribute name="content">
        <definition template="/WEB-INF/views/jsp/processtask/taskprocess.jsp">
          <!-- <put-attribute name="legend"          value=""/> -->
          <put-attribute name="detail"   value="/WEB-INF/views/jsp/processtask/DOGoodsAndServiceMerge.jsp"/>         
        </definition>
      </put-attribute>
      <put-attribute name="pageName"   value="goodsandservice"/>
    </definition>

    <definition name="DesignationGoodandServiceLimitation" extends="defaultLayout">
        <put-attribute name="content">
            <definition template="/WEB-INF/views/jsp/processtask/taskprocess.jsp">
                <!--  <put-attribute name="legend"          value=""/> -->

                <put-attribute name="detail" value="/WEB-INF/views/jsp/processtask/DesignationGAndSLimitationSelect.jsp"/>
            </definition>
        </put-attribute>
        <put-attribute name="pageName" value="goodsandservice"/>
    </definition>
    <definition name="DesignationGoodandServiceLimitationMerge" extends="defaultLayout">
        <put-attribute name="content">
            <definition template="/WEB-INF/views/jsp/processtask/taskprocess.jsp">
                <!-- <put-attribute name="legend"          value=""/> -->

                <put-attribute name="detail" value="/WEB-INF/views/jsp/processtask/DesignationGAndSLimitationMerge.jsp"/>
            </definition>
        </put-attribute>
        <put-attribute name="pageName" value="goodsandservice"/>
    </definition>

   <definition name="ajaxcontent" template="/WEB-INF/views/jsp/ajaxcontent.jsp">  
      <put-attribute name="content"    value=""/>
   </definition>    
 
   <definition name="taskMessageDetail" extends="ajaxcontent">  
      <put-attribute name="content"    value="/WEB-INF/views/jsp/tasks/messageDetailDialog.jsp"/>
   </definition>           
    
    <definition name="ptIrregularity" extends="defaultLayout">
      <put-attribute name="content"    value="/WEB-INF/views/jsp/processtask/irregularity.jsp"/>
    </definition>       
         
    <definition name="ircorrection" extends="defaultLayout">
      <put-attribute name="content"    value="/WEB-INF/views/jsp/processtask/ircorrection.jsp"/>
    </definition>   
    
    <definition name="ptDOPartialOwnershipDesignation" extends="defaultLayout">
      <put-attribute name="content">
        <definition template="/WEB-INF/views/jsp/processtask/taskprocess.jsp">
         <!--  <put-attribute name="legend"   value=""/> -->
          <put-attribute name="detail"   value="/WEB-INF/views/jsp/processtask/DOPartialOwnershipDesignation.jsp"/>         
        </definition>
      </put-attribute>
      <put-attribute name="pageName"   value="partialownership"/>
    </definition>   
    
    <definition name="ptDOPartialOwnershipRestriction" extends="defaultLayout">
      <put-attribute name="content">
        <definition template="/WEB-INF/views/jsp/processtask/taskprocess.jsp">
          <!-- <put-attribute name="legend"   value=""/> -->
          <put-attribute name="detail"   value="/WEB-INF/views/jsp/processtask/DOPartialOwnershipRestriction.jsp"/>         
        </definition>
      </put-attribute>
      <put-attribute name="pageName"   value="partialownership"/>
    </definition>   
    
    <definition name="ptOOPartialCeasing" extends="defaultLayout">
      <put-attribute name="content">
        <definition template="/WEB-INF/views/jsp/processtask/taskprocess.jsp">
         <!--  <put-attribute name="legend"          value=""/> -->
          <put-attribute name="detail"   value="/WEB-INF/views/jsp/processtask/OOPartialCeasing.jsp"/>         
        </definition>
      </put-attribute>
      <put-attribute name="pageName"   value="oopartialceasing"/>
    </definition>

    <definition name="ptOOPartialCeasingMerge" extends="defaultLayout">
      <put-attribute name="content">
        <definition template="/WEB-INF/views/jsp/processtask/taskprocess.jsp">
          <!-- <put-attribute name="legend"          value=""/> -->
          <put-attribute name="detail"   value="/WEB-INF/views/jsp/processtask/OOPartialCeasingMerge.jsp"/>         
        </definition>
      </put-attribute>
      <put-attribute name="pageName"   value="oopartialceasing"/>
    </definition>
    
     
    <definition name="ptBasicApplication" extends="defaultLayout">
      <put-attribute name="content">
        <definition template="/WEB-INF/views/jsp/processtask/taskprocess.jsp">
         <!--  <put-attribute name="legend"          value=""/> -->
          <put-attribute name="detail"   value="/WEB-INF/views/jsp/processtask/BasicApplication.jsp"/>         
        </definition>
      </put-attribute>
      <put-attribute name="pageName"   value="basicapp"/>
    </definition>

    <definition name="ptBasicApplicationGS" extends="defaultLayout">
      <put-attribute name="content">
        <definition template="/WEB-INF/views/jsp/processtask/taskprocess.jsp">
          <!-- <put-attribute name="legend"          value=""/> -->
          <put-attribute name="detail"   value="/WEB-INF/views/jsp/processtask/BasicApplicationGS.jsp"/>         
        </definition>
      </put-attribute>
      <put-attribute name="pageName"   value="basicappgs"/>
    </definition>
                  
</tiles-definitions>
