<?xml version="1.0" encoding="UTF-8"?>
<beans xmlns="http://www.springframework.org/schema/beans" 
  xmlns:context="http://www.springframework.org/schema/context"
  xmlns:mvc="http://www.springframework.org/schema/mvc"
  xmlns:cache="http://www.springframework.org/schema/cache"
  xmlns:xsi="http://www.w3.org/2001/XMLSchema-instance"
  xmlns:task="http://www.springframework.org/schema/task"
  xsi:schemaLocation="http://www.springframework.org/schema/beans
						http://www.springframework.org/schema/beans/spring-beans-4.3.xsd
						http://www.springframework.org/schema/context
						http://www.springframework.org/schema/context/spring-context-4.3.xsd
                        http://www.springframework.org/schema/cache http://www.springframework.org/schema/cache/spring-cache-4.3.xsd           
						http://www.springframework.org/schema/mvc
						http://www.springframework.org/schema/mvc/spring-mvc-4.3.xsd
        				http://www.springframework.org/schema/task
           				http://www.springframework.org/schema/task/spring-task-4.3.xsd">

  <!-- Common Configuration -->  
  <import resource="classpath:commonConfigurationContext.xml"/>
   
  <task:annotation-driven/>
  <context:annotation-config />
  <cache:annotation-driven/>
  <context:component-scan base-package="ca.gc.ic.cipo.tm.mts.*" />
  <mvc:annotation-driven />  

   <bean id="cacheManager" class="org.springframework.cache.support.SimpleCacheManager">
       <property name="caches">
           <set>
               <bean class="org.springframework.cache.concurrent.ConcurrentMapCacheFactoryBean">
                   <property name="name" value="madridUsers"/>
               </bean>
           </set>
       </property>
   </bean>

  <import resource="applicationContext-service.xml" />
  <import resource="applicationContext-webservice.xml" />
  
 
  <!-- Database Configuration - International -->  
  <import resource="classpath:tmIntlModelDaoContext.xml"/>
    
  <!-- Database Configuration - Intrepid -->  
  <import resource="classpath:tmModelDaoContext.xml"/>
  
  <!-- load message resource bundle -->
   <bean id="messageSource" class="org.springframework.context.support.ReloadableResourceBundleMessageSource">
    <property name="basenames" >
      <list>
        <value>classpath:messages</value>
        <value>classpath:errormessages</value>
      </list>
    </property>
    <property name="cacheSeconds" value="30" />
  </bean>    
  
</beans>