<?xml version="1.0"?>
<!DOCTYPE hibernate-mapping PUBLIC "-//Hibernate/Hibernate Mapping DTD 3.0//EN"
"http://hibernate.sourceforge.net/hibernate-mapping-3.0.dtd">

<!-- Generated 3-Mar-2014 1:38:17 PM by Hibernate Tools 3.4.0.CR1 -->
<hibernate-mapping>
    <class name="ca.gc.ic.cipo.tm.model.AssignmentAmendmentTransactionIp" table="AAT_IP">
        <composite-id>
            <key-property name="aatNumber" type="java.lang.Integer">
                <column name="AAT_NUMBER" precision="8" scale="0" />
            </key-property>
            <key-property name="fileNumber" type="java.lang.Integer">
                <column name="FILE_NUMBER" precision="7" scale="0" />
            </key-property>
            <key-property name="extensionCounter" type="java.lang.Integer">
                <column name="EXTENSION_COUNTER" precision="2" scale="0" />
            </key-property>
            <key-property name="ipNumber" type="java.lang.Integer">
                <column name="IP_NUMBER" precision="5" scale="0" />
            </key-property>
        </composite-id>
<!--
         <many-to-one name="interestedParty" class="ca.gc.ic.cipo.tm.model.InterestedParty" update="false" insert="false" fetch="select">
            <column name="FILE_NUMBER" precision="7" scale="0" not-null="true" />
            <column name="EXTENSION_COUNTER" precision="2" scale="0" not-null="true" />
            <column name="IP_NUMBER" precision="5" scale="0" not-null="true" />
        </many-to-one>
 -->
        <many-to-one name="aaTransactions" class="ca.gc.ic.cipo.tm.model.AssignmentAmendmentTransaction" update="false" insert="false" fetch="select">
            <column name="AAT_NUMBER" precision="8" scale="0" not-null="true" />
        </many-to-one>
        <property name="newFileNumber" type="java.lang.Integer">
            <column name="NEW_FILE_NUMBER" precision="7" scale="0" />
        </property>
        <property name="newExtensionCounter" type="java.lang.Integer">
            <column name="NEW_EXTENSION_COUNTER" precision="2" scale="0" />
        </property>
    </class>
</hibernate-mapping>
