<?xml version="1.0"?>
<!DOCTYPE hibernate-mapping PUBLIC "-//Hibernate/Hibernate Mapping DTD 3.0//EN"
"http://hibernate.sourceforge.net/hibernate-mapping-3.0.dtd">
<!-- Generated 3-Mar-2014 1:38:17 PM by Hibernate Tools 3.4.0.CR1 -->
<hibernate-mapping>
    <class name="ca.gc.ic.cipo.tm.model.AssignmentAmendmentTransaction" table="AA_TRANSACTIONS">
        <id name="aatNumber" type="java.lang.Integer">
            <column name="AAT_NUMBER" precision="8" scale="0" />
            <generator class="assigned" />
        </id>
        <property name="aatLabel" type="string">
            <column name="AAT_LABEL" length="40" not-null="true" />
        </property>
        <property name="aatType" type="java.lang.Integer">
            <column name="AAT_TYPE" precision="2" scale="0" not-null="true" />
        </property>
        <property name="authorityId" type="string">
            <column name="AUTHORITY_ID" length="30" not-null="true" />
        </property>
        <property name="workSheetNumber" type="java.lang.Integer">
            <column name="WORK_SHEET_NUMBER" precision="8" scale="0" />
        </property>
        <property name="masterFileNumber" type="java.lang.Integer">
            <column name="MASTER_FILE_NUMBER" precision="7" scale="0" />
        </property>
        <property name="masterExtensionCounter" type="java.lang.Integer">
            <column name="MASTER_EXTENSION_COUNTER" precision="2" scale="0" />
        </property>
        <property name="statusCode" type="java.lang.Integer">
            <column name="STATUS_CODE" precision="2" scale="0" not-null="true" />
        </property>
        <property name="startDate" type="date">
            <column name="START_DATE" length="7" not-null="true" />
        </property>
        <property name="completionDate" type="date">
            <column name="COMPLETION_DATE" length="7" />
        </property>
        <property name="receiveDate" type="date">
            <column name="RECEIVE_DATE" length="7" not-null="true" />
        </property>
        <property name="correctionInd" type="java.lang.Integer">
            <column name="CORRECTION_IND" precision="1" scale="0" />
        </property>
        <property name="courtOrderInd" type="java.lang.Integer">
            <column name="COURT_ORDER_IND" precision="1" scale="0" />
        </property>
        <property name="footnoteType" type="java.lang.Integer">
            <column name="FOOTNOTE_TYPE" precision="2" scale="0" />
        </property>
        <property name="footnoteDateOfChange" type="date">
            <column name="FOOTNOTE_DATE_OF_CHANGE" length="7" />
        </property>
        <property name="footnoteText" type="string">
            <column name="FOOTNOTE_TEXT" length="2000" />
        </property>
        <property name="agentChangeInd" type="java.lang.Integer">
            <column name="AGENT_CHANGE_IND" precision="1" scale="0" />
        </property>
        <property name="repChangeInd" type="java.lang.Integer">
            <column name="REP_CHANGE_IND" precision="1" scale="0" />
        </property>
        <property name="correspondenceDate" type="date">
            <column name="CORRESPONDENCE_DATE" length="7" />
        </property>
        <property name="responseDate" type="date">
            <column name="RESPONSE_DATE" length="7" />
        </property>
        <set name="aatIps" table="AAT_IP" inverse="true" lazy="true" fetch="select">
            <key>
                <column name="AAT_NUMBER" precision="8" scale="0" not-null="true" />
            </key>
            <one-to-many class="ca.gc.ic.cipo.tm.model.AssignmentAmendmentTransactionIp" />
        </set>
    </class>
</hibernate-mapping>
