<?xml version="1.0"?>
<!DOCTYPE hibernate-mapping PUBLIC "-//Hibernate/Hibernate Mapping DTD 3.0//EN"
"http://hibernate.sourceforge.net/hibernate-mapping-3.0.dtd">
<!-- Generated 30-Jan-2017 11:18:27 AM by Hibernate Tools 3.5.0.Final -->
<hibernate-mapping>
    <class name="ca.gc.ic.cipo.tm.model.AssignmentAmendmentWorkSheetFiles"  table="AA_WORK_SHEET_FILES" lazy="false">
        <composite-id>
            <key-property name="fileNumber" type="java.lang.Integer">
                <column name="FILE_NUMBER" precision="7" scale="0" />
            </key-property>
            <key-property name="extensionCounter" type="java.lang.Integer">
                <column name="EXTENSION_COUNTER" precision="2" scale="0" />
            </key-property>
            <key-property name="workSheetNumber" type="java.lang.Integer">
                <column name="WORK_SHEET_NUMBER" precision="3" scale="0" />
            </key-property>
        </composite-id>
       <many-to-one name="application" class="ca.gc.ic.cipo.tm.model.Application" update="false" insert="false" fetch="select">
            <column name="FILE_NUMBER" precision="7" scale="0" not-null="true" />
            <column name="EXTENSION_COUNTER" precision="2" scale="0" not-null="true" />
        </many-to-one>
        <many-to-one name="aAWorkSheets" class="ca.gc.ic.cipo.tm.model.AssignmentAmendmentWorkSheets" update="false" insert="false" fetch="select">
            <column name="WORK_SHEET_NUMBER" precision="7" scale="0" not-null="true" />
        </many-to-one>
        <property name="userInputInd" type="java.lang.Integer" access="field" not-null="true">
            <column name="USER_INPUT_IND" />
        </property>
        <property name="iterationCounter" type="java.lang.Integer">
            <column name="ITERATION_COUNTER" />
        </property>
    </class>
</hibernate-mapping>
