<?xml version="1.0"?>
<!DOCTYPE hibernate-mapping PUBLIC "-//Hibernate/Hibernate Mapping DTD 3.0//EN"
"http://hibernate.sourceforge.net/hibernate-mapping-3.0.dtd">
<!-- Generated 31-Jan-2017 11:16:52 AM by Hibernate Tools 3.5.0.Final -->
<hibernate-mapping>
    <class name="ca.gc.ic.cipo.tm.model.AssignmentAmendmentWorkSheets" table="AA_WORK_SHEETS" lazy="false">
         <composite-id>
            <key-property name="workSheetNumber" type="java.lang.Integer">
                <column name="WORK_SHEET_NUMBER" precision="3" scale="0" />
            </key-property>
        </composite-id> 
        <property name="authorityId" type="java.lang.String" not-null="true">
                <column name="AUTHORITY_ID" precision="3" scale="0" />
        </property>
        <property name="doNotAssembleInd" type="java.lang.Integer">
            <column name="DO_NOT_ASSEMBLE_IND" />
        </property>
        <property name="workSheetLabel" type="java.lang.String" not-null="true">
            <column name="WORK_SHEET_LABEL" />
        </property>
        <property name="assembleDate" type="java.util.Date">
            <column name="ASSEMBLE_DATE" />
        </property>
        <property name="changesMadeInd" type="java.lang.String">
            <column name="CHANGES_MADE_IND" />
        </property>
        <property name="editDate" type="java.util.Date">
            <column name="EDIT_DATE" />
        </property>
    </class>
</hibernate-mapping>
