<?xml version="1.0"?>
<!DOCTYPE hibernate-mapping PUBLIC "-//Hibernate/Hibernate Mapping DTD 3.0//EN"
"http://www.hibernate.org/dtd/hibernate-mapping-3.0.dtd">

<hibernate-mapping>
  <class name="ca.gc.ic.cipo.tm.model.Action" table="ACTIONS">
  <!-- Note: The ACTIONS table has no primary key associated with it and will never be. Make sure to never do an update using Hibernate or using direct SQL update.
       The ActionDao has supporting logic for insert using non sql insert directly. Please use that method making sure the foreign key constraints are met.
       The reads can be done as usual using Hibernate facility.  
    -->
    <composite-id>
      <key-property name="rowId" column="ROWID" type="string" />
    </composite-id>

    <property name="fileNumber" type="java.lang.Integer">
      <column name="FILE_NUMBER" precision="7" scale="0" />
    </property>
    <property name="extensionCounter" type="java.lang.Integer">
      <column name="EXTENSION_COUNTER" precision="2" scale="0" />
    </property>
    <property name="actionCode" type="java.lang.Integer">
      <column name="ACTION_CODE" precision="3" scale="0" />
    </property>
    <property name="actionDate" type="timestamp">
      <column name="ACTION_DATE" />
    </property>
    <property name="responseDate" type="timestamp">
      <column name="RESPONSE_DATE" />
    </property>
    <property name="authorityId" type="java.lang.String">
      <column name="AUTHORITY_ID" precision="3" scale="0" />
    </property>
    <property name="additionalInfo" type="java.lang.String">
      <column name="ADDITIONAL_INFO" length="240" />
    </property>
    <property name="performedByAuthorityId" type="java.lang.String">
      <column name="PERFORMED_BY_AUTHORITY_ID" length="240" />
    </property>
    <many-to-one name="application" class="ca.gc.ic.cipo.tm.model.Application" update="false" insert="false"
      fetch="select">
      <column name="FILE_NUMBER" precision="7" scale="0" not-null="true" />
      <column name="EXTENSION_COUNTER" precision="2" scale="0" not-null="true" />
    </many-to-one>
  </class>
</hibernate-mapping>
