<?xml version="1.0"?>
<!DOCTYPE hibernate-mapping PUBLIC "-//Hibernate/Hibernate Mapping DTD 3.0//EN"
"http://hibernate.sourceforge.net/hibernate-mapping-3.0.dtd">
<!-- Generated 8-Feb-2017 9:54:06 AM by Hibernate Tools 3.5.0.Final -->
<hibernate-mapping>
    <class name="ca.gc.ic.cipo.tm.model.ApplicationEmails" table="APPLICATION_EMAILS" lazy="false">
      
        <id unsaved-value="none" name="emailSeq" type="java.lang.Integer" column="EMAIL_SEQ">
          <generator class="sequence">
            <param name="sequence">AE_SEQUENCE</param>
          </generator>
        </id>  
        <property name="fileNumber" type="java.lang.Integer" not-null="true">
           <column name="FILE_NUMBER" precision="7" scale="0" />
        </property>
        <property name="extensionCounter" type="java.lang.Integer" not-null="true">
           <column name="EXTENSION_COUNTER" precision="2" scale="0" />
        </property>
        <property name="emailAddress" type="java.lang.String" not-null="true">
            <column name="E_MAIL_ADDRESS" />
        </property>
        <many-to-one name="application" class="ca.gc.ic.cipo.tm.model.Application" update="false" insert="false" fetch="select">
            <column name="FILE_NUMBER" precision="7" scale="0" not-null="true" />
            <column name="EXTENSION_COUNTER" precision="2" scale="0" not-null="true" />
        </many-to-one>
    </class>
</hibernate-mapping>
