<?xml version="1.0"?>
<!DOCTYPE hibernate-mapping PUBLIC "-//Hibernate/Hibernate Mapping DTD 3.0//EN"
"http://www.hibernate.org/dtd/hibernate-mapping-3.0.dtd">
<!-- Generated 12-Apr-2013 7:02:01 AM by Hibernate Tools 4.0.0 -->
<hibernate-mapping>
    <class name="ca.gc.ic.cipo.tm.model.ApplicationText" table="APPLICATION_TEXTS">
        <composite-id>
            <key-property name="fileNumber" type="java.lang.Integer">
                <column name="FILE_NUMBER" precision="7" scale="0" />
            </key-property>
            <key-property name="extensionCounter" type="java.lang.Integer">
                <column name="EXTENSION_COUNTER" precision="2" scale="0" />
            </key-property>
            <key-property name="textType" type="java.lang.Integer">
                <column name="TEXT_TYPE" precision="2" scale="0" />
            </key-property>
            <key-property name="originalInd" type="java.lang.Integer">
                <column name="ORIGINAL_IND" precision="1" scale="0" />
            </key-property>
        </composite-id>
        <many-to-one name="application" class="ca.gc.ic.cipo.tm.model.Application" update="false" insert="false" fetch="select">
            <column name="FILE_NUMBER" precision="7" scale="0" not-null="true" />
            <column name="EXTENSION_COUNTER" precision="2" scale="0" not-null="true" />
        </many-to-one>
        <property name="modifiedTimestamp" type="date">
            <column name="MODIFIED_TIMESTAMP" length="7" not-null="true" />
        </property>
        <property name="text" type="java.lang.String">
            <column name="TEXT" not-null="true" />
        </property>
        <property name="language" type="java.lang.Integer">
            <column name="LANGUAGE" precision="1" scale="0" not-null="true" />
        </property>
        <property name="translationStatus" type="java.lang.Integer">
            <column name="TRANSLATION_STATUS" precision="2" scale="0" />
        </property>
    </class>
</hibernate-mapping>
