<?xml version="1.0"?>
<!DOCTYPE hibernate-mapping PUBLIC "-//Hibernate/Hibernate Mapping DTD 3.0//EN"
                                   "http://www.hibernate.org/dtd/hibernate-mapping-3.0.dtd">
<!-- Generated 12-Apr-2013 7:02:01 AM by Hibernate Tools 4.0.0 -->
<hibernate-mapping>
  <class name="ca.gc.ic.cipo.tm.model.Application" table="APPLICATIONS">
    <composite-id>
      <key-property name="fileNumber" type="java.lang.Integer">
        <column name="FILE_NUMBER" precision="7" scale="0" />
      </key-property>
      <key-property name="extensionCounter" type="java.lang.Integer">
        <column name="EXTENSION_COUNTER" precision="2" scale="0" />
      </key-property>
    </composite-id>
    <many-to-one name="application" class="ca.gc.ic.cipo.tm.model.Application" fetch="select">
      <column name="PREVIOUS_FILE_NUMBER" precision="7" scale="0" />
      <column name="PREVIOUS_EXTENSION_COUNTER" precision="2" scale="0" />
    </many-to-one>
    <many-to-one name="trademarks" class="ca.gc.ic.cipo.tm.model.TradeMark" fetch="select" insert="false"
      update="false">
      <column name="FILE_NUMBER" precision="7" scale="0" />
    </many-to-one>
    <many-to-one class="ca.gc.ic.cipo.tm.model.Application" fetch="select" name="parentDivisionalApplication">
      <column name="PARENT_FILE_NUMBER" precision="7" scale="0" />
      <column name="PARENT_EXTENSION_COUNTER" precision="2" scale="0" />
    </many-to-one>
    <property name="legislation" type="java.lang.Integer">
      <column name="LEGISLATION" precision="2" scale="0" not-null="true" />
    </property>
    <property name="statusCode" type="java.lang.Integer">
      <column name="STATUS_CODE" precision="2" scale="0" not-null="true" />
    </property>
    <property name="tradeMarkType" type="java.lang.Integer">
      <column name="TRADE_MARK_TYPE" precision="6" scale="0" not-null="true" />
    </property>
    <property name="tradeMarkClass" type="java.lang.Integer">
      <column name="TRADE_MARK_CLASS" precision="2" scale="0" not-null="true" />
    </property>
    <property name="classificationRequiredInd" type="java.lang.Integer">
      <column name="CLASSIFICATION_REQUIRED_IND" precision="1" scale="0" not-null="true" />
    </property>
    <property name="countryOfOrigin" type="string">
      <column name="COUNTRY_OF_ORIGIN" length="2" />
    </property>
    <property name="registeredUserInd" type="java.lang.Integer">
      <column name="REGISTERED_USER_IND" precision="1" scale="0" not-null="true" />
    </property>
    <property name="preciousMetalsInd" type="java.lang.Integer">
      <column name="PRECIOUS_METALS_IND" precision="1" scale="0" not-null="true" />
    </property>
    <property name="filingFeeInd" type="java.lang.Integer">
      <column name="FILING_FEE_IND" precision="1" scale="0" not-null="true" />
    </property>
    <property name="filingFeeAmount" type="java.lang.Integer">
      <column name="FILING_FEE_AMOUNT" precision="6" scale="2" not-null="true" />
    </property>
    <property name="niceClassesAtFiling" type="java.lang.Integer">
      <column name="NICE_CLASSES_AT_FILING" precision="1" scale="0" not-null="true" />
    </property>
    <property name="designSpecimensFiledInd" type="java.lang.Integer">
      <column name="DESIGN_SPECIMENS_FILED_IND" precision="1" scale="0" />
    </property>
    <property name="designSampleFiledInd" type="java.lang.Integer">
      <column name="DESIGN_SAMPLE_FILED_IND" precision="1" scale="0" />
    </property>
    <property name="section9Code" type="java.lang.Integer">
      <column name="SECTION_9_CODE" precision="2" scale="0" />
    </property>
    <property name="disclaimerCode" type="java.lang.Integer">
      <column name="DISCLAIMER_CODE" precision="1" scale="0" />
    </property>
    <property name="registrationFeeAmount" type="big_decimal">
      <column name="REGISTRATION_FEE_AMOUNT" precision="6" />
    </property>
    <property name="lastExtensionCounterUsed" type="java.lang.Integer">
      <column name="LAST_EXTENSION_COUNTER_USED" precision="2" scale="0" />
    </property>
    <property name="registrationNumber" type="java.lang.Integer">
      <column name="REGISTRATION_NUMBER" precision="6" scale="0" />
    </property>
    <property name="expediteInd" type="java.lang.Integer">
      <column name="EXPEDITE_IND" precision="1" scale="0" />
    </property>
    <property name="GCNumber" type="string">
      <column name="G_C_NUMBER" length="12" />
    </property>
    <property name="wsClaimWarningInd" type="java.lang.Integer">
      <column name="WS_CLAIM_WARNING_IND" precision="1" scale="0" />
    </property>
    <property name="pharmaceuticalInd" type="java.lang.Integer">
      <column name="PHARMACEUTICAL_IND" precision="1" scale="0" />
    </property>
    <property name="electronicApplicationInd" type="java.lang.Integer">
      <column name="ELECTRONIC_APPLICATION_IND" precision="1" scale="0" not-null="true" />
    </property>
    <property name="manualClassificationInd" type="java.lang.Integer">
      <column name="MANUAL_CLASSIFICATION_IND" precision="1" scale="0" />
    </property>
    <property name="revisedInd" type="java.lang.Integer">
      <column name="REVISED_IND" precision="1" scale="0" />
    </property>
    <property name="onHoldInd" type="big_decimal">
      <column name="ON_HOLD_IND" precision="22" scale="0" not-null="true" />
    </property>
    <property name="irNumber" type="string">
      <column name="IR_NUMBER" length="10" />
    </property>
    <property name="intlFilingRecordId" type="string">
      <column name="INTL_FILING_RECORD_ID" length="50" />
    </property>
    <property name="modifiedDate" type="timestamp">
      <column name="MODIFIED_TIMESTAMP" length="7" />
    </property>
    <property name="giInd" type="java.lang.Integer">
      <column name="GI_INDICATION" precision="2" scale="0" />
    </property>
    <property name="madridDesignationCategory" type="java.lang.Integer">
      <column name="MADRID_DESIGNATION_CATEGORY" precision="1" scale="0" />
    </property>    
    <property name="limitationListCode" type="java.lang.Integer">
      <column name="LIMITATION_LIST_CODE" precision="1" scale="0" />
    </property>
     <property name="registrabilityRecognizedInd" type="java.lang.Integer">
      <column name="REGISTRABILITY_RECOGNIZED_IND" precision="1" scale="0" not-null="true"/>
    </property>
    <set name="applicationTexts" table="APPLICATION_TEXTS" inverse="true" lazy="true" fetch="select">
      <key>
        <column name="FILE_NUMBER" precision="7" scale="0" not-null="true" />
        <column name="EXTENSION_COUNTER" precision="2" scale="0" not-null="true" />
      </key>
      <one-to-many class="ca.gc.ic.cipo.tm.model.ApplicationText" />
    </set>
    <set name="interestedParties" table="INTERESTED_PARTIES" inverse="true" lazy="true" fetch="select"
      order-by="REGISTRANT_IND DESC, RELATIONSHIP_TYPE ASC, IP_NUMBER ASC">
      <key>
        <column name="FILE_NUMBER" precision="7" scale="0" not-null="true" />
        <column name="EXTENSION_COUNTER" precision="2" scale="0" not-null="true" />
      </key>
      <one-to-many class="ca.gc.ic.cipo.tm.model.InterestedParty" />
    </set>
    <bag name="actions" table="ACTIONS" inverse="true" lazy="true" fetch="select" order-by="ACTION_DATE asc">
      <key>
        <column name="FILE_NUMBER" precision="7" scale="0" not-null="true" />
        <column name="EXTENSION_COUNTER" precision="2" scale="0" not-null="true" />
      </key>
      <one-to-many class="ca.gc.ic.cipo.tm.model.Action" />
    </bag>
    <set name="processActions" table="PROCESS_ACTIONS" inverse="true" lazy="true" fetch="select">
      <key>
        <column name="FILE_NUMBER" precision="7" scale="0" not-null="true" />
        <column name="EXTENSION_COUNTER" precision="2" scale="0" not-null="true" />
      </key>
      <one-to-many class="ca.gc.ic.cipo.tm.model.ProcessAction" />
    </set>

    <set name="oppositionGrounds" table="OPPOSITION_GROUNDS" inverse="true" lazy="true" fetch="select" order-by="OPP_GROUNDS_CODE ASC">
      <key>
        <column name="FILE_NUMBER" precision="7" scale="0" not-null="true" />
        <column name="EXTENSION_COUNTER" precision="2" scale="0" not-null="true" />
      </key>
      <one-to-many class="ca.gc.ic.cipo.tm.model.OppositionGrounds" />
    </set>
    
   <set name="oppositionCitedMarks" table="OPPOSITION_CITED_MARKS" inverse="true" lazy="true" fetch="select">
      <key>
        <column name="CITED_FILE_NUMBER" precision="7" scale="0" not-null="true" />
        <column name="CITED_EXTENSION_COUNTER" precision="2" scale="0" not-null="true" />
      </key>
      <one-to-many class="ca.gc.ic.cipo.tm.model.OppositionCitedMarks" />
    </set>  

    <set name="applicationEmails" table="APPLICATION_EMAILS" inverse="true" lazy="true" fetch="select">
      <key>
        <column name="FILE_NUMBER" precision="7" scale="0" not-null="true" />
        <column name="EXTENSION_COUNTER" precision="2" scale="0" not-null="true" />
      </key>
      <one-to-many class="ca.gc.ic.cipo.tm.model.ApplicationEmails" />
    </set>
    <set name="claims" table="CLAIMS" inverse="true" lazy="true" fetch="select" order-by="CLAIM_TYPE ASC, CLAIM_NUMBER ASC">
      <key>
        <column name="FILE_NUMBER" precision="7" scale="0" not-null="true" />
        <column name="EXTENSION_COUNTER" precision="2" scale="0" not-null="true" />
      </key>
      <one-to-many class="ca.gc.ic.cipo.tm.model.Claim" />
    </set>
    <set name="oppositionCases" table="OPPOSITION_CASES" inverse="true" lazy="true" fetch="select">
      <key>
        <column name="FILE_NUMBER" precision="7" scale="0" not-null="true" />
        <column name="EXTENSION_COUNTER" precision="2" scale="0" not-null="true" />
      </key>
      <one-to-many class="ca.gc.ic.cipo.tm.model.OppositionCase" />
    </set>
    <set name="goodsServices" table="WARES_SERVICES" inverse="true" lazy="true" fetch="select"
      sort="ca.gc.ic.cipo.tm.model.GoodServiceComparator">
      <key>
        <column name="FILE_NUMBER" precision="7" scale="0" not-null="true" />
        <column name="EXTENSION_COUNTER" precision="2" scale="0" not-null="true" />

      </key>
      <one-to-many class="ca.gc.ic.cipo.tm.model.GoodService" />
    </set>
    <set name="goodServiceClassifications" table="WS_CLASSIFICATIONS" inverse="true" lazy="true" fetch="select"
      order-by="NICE_CLASS_CODE asc">
      <key>
        <column name="FILE_NUMBER" precision="7" scale="0" not-null="true" />
        <column name="EXTENSION_COUNTER" precision="2" scale="0" not-null="true" />
      </key>
      <one-to-many class="ca.gc.ic.cipo.tm.model.GoodServiceClassification" />
    </set>
    <set name="indexHeadings" table="INDEX_HEADINGS" inverse="true" lazy="true" fetch="select" order-by="SEQUENCE_NUMBER ASC">
      <key>
        <column name="FILE_NUMBER" precision="7" scale="0" not-null="true" />
        <column name="EXTENSION_COUNTER" precision="2" scale="0" not-null="true" />
      </key>
      <one-to-many class="ca.gc.ic.cipo.tm.model.IndexHeading" />
    </set>
    <set name="footnotes" table="FOOTNOTES" inverse="true" lazy="true" fetch="select" order-by="FOOTNOTE_SEQUENCE ASC">
      <key>
        <column name="FILE_NUMBER" precision="7" scale="0" not-null="true" />
        <column name="EXTENSION_COUNTER" precision="2" scale="0" not-null="true" />
      </key>
      <one-to-many class="ca.gc.ic.cipo.tm.model.Footnote" />
    </set>
    <set name="associatedToMarks" table="ASSOCIATED_MARKS" inverse="true" lazy="true" fetch="select">
      <key>
        <column name="ASSOCIATED_FILE_NUMBER" precision="7" scale="0" not-null="true" />
        <column name="ASSOCIATED_EXTENSION_COUNTER" precision="2" scale="0" not-null="true" />
      </key>
      <one-to-many class="ca.gc.ic.cipo.tm.model.AssociatedMark" />
    </set>
    <set name="associatedForMarks" table="ASSOCIATED_MARKS" inverse="true" lazy="true" fetch="select">
      <key>
        <column name="FILE_NUMBER" precision="7" scale="0" not-null="true" />
        <column name="EXTENSION_COUNTER" precision="2" scale="0" not-null="true" />
      </key>
      <one-to-many class="ca.gc.ic.cipo.tm.model.AssociatedMark" />
    </set>
    <set name="doubtfulCases" table="DOUBTFUL_CASES" inverse="true" lazy="true" fetch="select">
      <key>
        <column name="FILE_NUMBER" precision="7" scale="0" not-null="true" />
        <column name="EXTENSION_COUNTER" precision="2" scale="0" not-null="true" />
      </key>
      <one-to-many class="ca.gc.ic.cipo.tm.model.DoubtfulCase" />
    </set>
    <set name="giTranslations" table="GI_TRANSLATION" inverse="true" lazy="true" fetch="select" order-by="SEQUENCE_NUMBER ASC">
      <key>
        <column name="FILE_NUMBER" precision="7" scale="0" not-null="true" />
        <column name="EXTENSION_COUNTER" precision="2" scale="0" not-null="true" />
      </key>
      <one-to-many class="ca.gc.ic.cipo.tm.model.GiTranslation" />
    </set>
  </class>
</hibernate-mapping>
