<?xml version="1.0"?>
<!DOCTYPE hibernate-mapping PUBLIC "-//Hibernate/Hibernate Mapping DTD 3.0//EN"
"http://www.hibernate.org/dtd/hibernate-mapping-3.0.dtd">
<!-- Generated 12-Apr-2013 7:02:01 AM by Hibernate Tools 4.0.0 -->
<hibernate-mapping>
    <class name="ca.gc.ic.cipo.tm.model.AssociatedMark" table="ASSOCIATED_MARKS">
        <composite-id>
            <key-property name="fileNumber" type="java.lang.Integer">
                <column name="FILE_NUMBER" precision="7" scale="0" />
            </key-property>
            <key-property name="extensionCounter" type="java.lang.Integer">
                <column name="EXTENSION_COUNTER" precision="2" scale="0" />
            </key-property>
            <key-property name="associatedFileNumber" type="java.lang.Integer">
                <column name="ASSOCIATED_FILE_NUMBER" precision="7" scale="0" />
            </key-property>
            <key-property name="associatedExtensionCounter" type="java.lang.Integer">
                <column name="ASSOCIATED_EXTENSION_COUNTER" precision="2" scale="0" />
            </key-property>
        </composite-id>
        <many-to-one name="associatedApplication" class="ca.gc.ic.cipo.tm.model.Application" update="false" insert="false" fetch="select">
            <column name="ASSOCIATED_FILE_NUMBER" precision="7" scale="0" not-null="true" />
            <column name="ASSOCIATED_EXTENSION_COUNTER" precision="2" scale="0" not-null="true" />
        </many-to-one>
        <many-to-one name="application" class="ca.gc.ic.cipo.tm.model.Application" update="false" insert="false" fetch="select">
            <column name="FILE_NUMBER" precision="7" scale="0" not-null="true" />
            <column name="EXTENSION_COUNTER" precision="2" scale="0" not-null="true" />
        </many-to-one>
        <property name="activeAtRegistrationInd" type="java.lang.Integer">
            <column name="ACTIVE_AT_REGISTRATION_IND" precision="1" scale="0" not-null="true" />
        </property>
        <property name="perSeInd" type="java.lang.Integer">
            <column name="PER_SE_IND" precision="1" scale="0" not-null="true" />
        </property>
    </class>
</hibernate-mapping>
