<?xml version="1.0"?>
<!DOCTYPE hibernate-mapping PUBLIC "-//Hibernate/Hibernate Mapping DTD 3.0//EN"
"http://hibernate.sourceforge.net/hibernate-mapping-3.0.dtd">
<!-- Generated 2-Feb-2017 1:28:54 PM by Hibernate Tools 3.5.0.Final -->
<hibernate-mapping>
  <class name="ca.gc.ic.cipo.tm.model.Authorities" table="AUTHORITIES" lazy="false">

    <id name="authorityId" type="java.lang.String">
      <column name="AUTHORITY_ID" precision="3" scale="0" />
    </id>
    
    <property name="sectionAuthorityId" type="java.lang.String">
      <column name="SECTION_AUTHORITY_ID" precision="3" scale="0" />
    </property>
    <property name="fSectionAuthorityId" type="java.lang.String" access="field">
      <column name="F_SECTION_AUTHORITY_ID" />
    </property>
    <property name="appVersion" type="java.lang.Integer">
      <column name="APP_VERSION" />
    </property>
    <property name="securityLevelCode" type="java.lang.Integer">
      <column name="SECURITY_LEVEL_CODE" />
    </property>
    <property name="telephoneNumber" type="java.lang.String">
      <column name="TELEPHONE_NUMBER" />
    </property>
    <property name="defaultUserName" type="java.lang.String">
      <column name="DEFAULT_USERNAME" />
    </property>
    <property name="parentUserName" type="java.lang.String">
      <column name="PARENT_USERNAME" />
    </property>
    <property name="vpnUser" type="java.lang.Integer" not-null="true">
      <column name="VPN_USER" />
    </property>
    <property name="userName" type="java.lang.String">
      <column name="USERNAME" />
    </property>
    <property name="authorityType" type="java.lang.Integer" not-null="true">
      <column name="AUTHORITY_TYPE" />
    </property>
    <property name="languageOfPreference" type="java.lang.Integer">
      <column name="LANGUAGE_OF_PREFERENCE" />
    </property>
    <property name="emailAddress" type="java.lang.String">
      <column name="E_MAIL_ADDRESS" />
    </property>
    <property name="printerOutputBin" type="java.lang.Integer">
      <column name="PRINTER_OUTPUT_BIN" />
    </property>
    <property name="electronicSignature" type="java.sql.Blob">
      <column name="ELECTRONIC_SIGNATURE" />
    </property>
    <property name="name" type="java.lang.String" not-null="true">
      <column name="NAME" />
    </property>
    <property name="madridUserInd" type="java.lang.Integer">
      <column name="MADRID_USER_IND" />
    </property>
    <property name="winNetworkUserId" type="java.lang.String">
      <column name="WIN_NETWORK_USERID" />
    </property>
  </class>
</hibernate-mapping>
