<?xml version="1.0"?>
<!DOCTYPE hibernate-mapping PUBLIC "-//Hibernate/Hibernate Mapping DTD 3.0//EN"
"http://www.hibernate.org/dtd/hibernate-mapping-3.0.dtd">
<!-- Generated 18-Apr-2013 6:36:45 AM by Hibernate Tools 4.0.0 -->
<hibernate-mapping>
  <class name="ca.gc.ic.cipo.tm.model.CitedLinks" table="CITED_LINKS">
    <composite-id>
      <key-property name="fileNumber" type="java.lang.Integer">
        <column name="FILE_NUMBER" precision="7" scale="0" />
      </key-property>
      <key-property name="extensionCounter" type="java.lang.Integer">
        <column name="EXTENSION_COUNTER" precision="2" scale="0" />
      </key-property>
      <key-property name="citedSectionNumber" type="java.lang.Integer">
        <column name="CITED_SECTION" precision="1" scale="0" />
      </key-property>
      <key-property name="citedFileNumber" type="java.lang.Integer">
        <column name="CITED_FILE_NUMBER" precision="7" scale="0" />
      </key-property>
      <key-property name="citedExtensionCounter" type="java.lang.Integer">
        <column name="CITED_EXTENSION_COUNTER" precision="2" scale="0" />
      </key-property>
    </composite-id>
    <property name="citedRegistrationNumber" type="java.lang.String">
      <column name="CITED_REG_NO" />
    </property>
  </class>
</hibernate-mapping>