<?xml version="1.0"?>
<!DOCTYPE hibernate-mapping PUBLIC "-//Hibernate/Hibernate Mapping DTD 3.0//EN"
"http://www.hibernate.org/dtd/hibernate-mapping-3.0.dtd">
<!-- Generated 12-Apr-2013 7:02:01 AM by Hibernate Tools 4.0.0 -->
<hibernate-mapping>
    <class name="ca.gc.ic.cipo.tm.model.ClaimText" table="CLAIM_TEXTS">
        <composite-id>
            <key-property name="fileNumber" type="java.lang.Integer">
                <column name="FILE_NUMBER" precision="7" scale="0" />
            </key-property>
            <key-property name="extensionCounter" type="java.lang.Integer">
                <column name="EXTENSION_COUNTER" precision="2" scale="0" />
            </key-property>
            <key-property name="claimType" type="java.lang.Integer">
                <column name="CLAIM_TYPE" precision="2" scale="0" />
            </key-property>
            <key-property name="claimNumber" type="java.lang.Integer">
                <column name="CLAIM_NUMBER" precision="3" scale="0" />
            </key-property>
            <key-property name="originalInd" type="java.lang.Integer">
                <column name="ORIGINAL_IND" precision="1" scale="0" />
            </key-property>
        </composite-id>
        <many-to-one name="claims" class="ca.gc.ic.cipo.tm.model.Claim" update="false" insert="false" fetch="select">
            <column name="FILE_NUMBER" precision="7" scale="0" not-null="true" />
            <column name="EXTENSION_COUNTER" precision="2" scale="0" not-null="true" />
            <column name="CLAIM_TYPE" precision="2" scale="0" not-null="true" />
            <column name="CLAIM_NUMBER" precision="3" scale="0" not-null="true" />
        </many-to-one>
        <property name="text" type="string">
            <column name="TEXT" length="2000" not-null="true" />
        </property>
        <property name="translationStatus" type="java.lang.Integer">
            <column name="TRANSLATION_STATUS" precision="2" scale="0" />
        </property>
        <property name="modifiedDate" type="timestamp">
            <column name="MODIFIED_TIMESTAMP" length="7" />
        </property>        
    </class>
</hibernate-mapping>
