<?xml version="1.0"?>
<!DOCTYPE hibernate-mapping PUBLIC "-//Hibernate/Hibernate Mapping DTD 3.0//EN"
"http://www.hibernate.org/dtd/hibernate-mapping-3.0.dtd">
<!-- Generated 12-Apr-2013 7:02:01 AM by Hibernate Tools 4.0.0 -->
<hibernate-mapping>
    <class name="ca.gc.ic.cipo.tm.model.Claim" table="CLAIMS">
        <composite-id>
            <key-property name="fileNumber" type="java.lang.Integer">
                <column name="FILE_NUMBER" precision="7" scale="0" />
            </key-property>
            <key-property name="extensionCounter" type="java.lang.Integer">
                <column name="EXTENSION_COUNTER" precision="2" scale="0" />
            </key-property>
            <key-property name="claimType" type="java.lang.Integer">
                <column name="CLAIM_TYPE" precision="2" scale="0" />
            </key-property>
            <key-property name="claimNumber" type="java.lang.Integer">
                <column name="CLAIM_NUMBER" precision="3" scale="0" />
            </key-property>
        </composite-id>
        <many-to-one name="application" class="ca.gc.ic.cipo.tm.model.Application" update="false" insert="false" fetch="select">
            <column name="FILE_NUMBER" precision="7" scale="0" not-null="true" />
            <column name="EXTENSION_COUNTER" precision="2" scale="0" not-null="true" />
        </many-to-one>
        <property name="claimCode" type="java.lang.Integer">
            <column name="CLAIM_CODE" precision="2" scale="0" />
        </property>
        <property name="foreignRegistrationNumber" type="string">
            <column name="FOREIGN_REGISTRATION_NUMBER" length="20" />
        </property>
        <property name="claimDate" type="string">
            <column name="CLAIM_DATE" length="8" />
        </property>
        <property name="claimCountry" type="string">
            <column name="CLAIM_COUNTRY" length="2" />
        </property>
        <property name="certifiedCopyInd" type="java.lang.Integer">
            <column name="CERTIFIED_COPY_IND" precision="1" scale="0" />
        </property>
        <property name="language" type="java.lang.Integer">
            <column name="LANGUAGE" precision="1" scale="0" not-null="true" />
        </property>
        <property name="evidenceFiledInd" type="java.lang.Integer">
            <column name="EVIDENCE_FILED_IND" precision="1" scale="0" />
        </property>
        <set name="goodServiceClaims" cascade="save-update"  table="WS_CLAIMS" inverse="true" lazy="true" fetch="select" order-by="CLAIM_TYPE ASC, CLAIM_NUMBER ASC">
            <key>
                <column name="FILE_NUMBER" precision="7" scale="0" not-null="true" />
                <column name="EXTENSION_COUNTER" precision="2" scale="0" not-null="true" />
                <column name="CLAIM_TYPE" precision="2" scale="0" not-null="true" />
                <column name="CLAIM_NUMBER" precision="3" scale="0" not-null="true" />
            </key>
            <one-to-many class="ca.gc.ic.cipo.tm.model.GoodServiceClaim" />
        </set>
        <set name="claimTexts" cascade="save-update" table="CLAIM_TEXTS" inverse="true" lazy="true" fetch="select">
            <key>
                <column name="FILE_NUMBER" precision="7" scale="0" not-null="true" />
                <column name="EXTENSION_COUNTER" precision="2" scale="0" not-null="true" />
                <column name="CLAIM_TYPE" precision="2" scale="0" not-null="true" />
                <column name="CLAIM_NUMBER" precision="3" scale="0" not-null="true" />
            </key>
            <one-to-many class="ca.gc.ic.cipo.tm.model.ClaimText" />
        </set>
    </class>
</hibernate-mapping>
