<?xml version="1.0"?>
<!DOCTYPE hibernate-mapping PUBLIC "-//Hibernate/Hibernate Mapping DTD 3.0//EN"
"http://www.hibernate.org/dtd/hibernate-mapping-3.0.dtd">
<!-- Generated 12-Apr-2013 7:02:01 AM by Hibernate Tools 4.0.0 -->
<hibernate-mapping>
    <class name="ca.gc.ic.cipo.tm.model.CountryProvince" table="COUNTRIES_PROVINCES">
        <composite-id>
            <key-property name="language" type="java.lang.Integer">
                <column name="LANGUAGE" precision="1" scale="0" />
            </key-property>
            <key-property name="type" type="java.lang.Integer">
                <column name="TYPE" precision="1" scale="0" />
            </key-property>
            <key-property name="code" type="string">
                <column name="CODE" length="2" />
            </key-property>
        </composite-id>
        <property name="countryOfUnionInd" type="java.lang.Integer">
            <column name="COUNTRY_OF_UNION_IND" precision="1" scale="0" not-null="true" />
        </property>
        <property name="description" type="string">
            <column name="DESCRIPTION" length="40" />
        </property>
    </class>
</hibernate-mapping>
