<?xml version="1.0"?>
<!DOCTYPE hibernate-mapping PUBLIC "-//Hibernate/Hibernate Mapping DTD 3.0//EN"
"http://hibernate.sourceforge.net/hibernate-mapping-3.0.dtd">
<!-- Generated 3-Feb-2017 1:25:15 PM by Hibernate Tools 3.5.0.Final -->
<hibernate-mapping>
    <class name="ca.gc.ic.cipo.tm.model.CurrentFileActions" table="CURRENT_FILE_ACTIONS" lazy="false">
        <composite-id>
            <key-property name="pullingListNumber" type="java.lang.Integer">
                <column name="PULLING_LIST_NUMBER" precision="3" scale="0" />
            </key-property>
            <key-property name="receiverAuthorityId" type="java.lang.String">
                <column name="RECEIVER_AUTHORITY_ID" precision="3" scale="0" />
            </key-property>
        </composite-id>
        <property name="senderAuthorityId" type="java.lang.String">
                <column name="SENDER_AUTHORITY_ID" precision="3" scale="0" />
        </property>
        <property name="sendTimeStamp" type="java.util.Date">
            <column name="SEND_TIMESTAMP" />
        </property>
        <property name="receiverName" type="java.lang.String">
            <column name="RECEIVER_NAME" />
        </property>
        <property name="requestTimeStamp" type="java.util.Date">
            <column name="REQUEST_TIMESTAMP" />
        </property>
        <property name="reserveTimeStamp" type="java.util.Date">
            <column name="RESERVE_TIMESTAMP" />
        </property>
        <property name="arNumber" type="java.lang.Integer">
            <column name="AR_NUMBER" />
        </property>
        <property name="evidenceRequestedInd" type="java.lang.Integer">
            <column name="EVIDENCE_REQUESTED_IND" />
        </property>
        <property name="fileType" type="java.lang.Integer" not-null="true">
            <column name="FILE_TYPE" precision="3" scale="0" />
        </property>
    </class>
</hibernate-mapping>
