<?xml version="1.0"?>
<!DOCTYPE hibernate-mapping PUBLIC "-//Hibernate/Hibernate Mapping DTD 3.0//EN"
"http://hibernate.sourceforge.net/hibernate-mapping-3.0.dtd">
<!-- Generated 27-Jan-2017 9:17:32 AM by Hibernate Tools 3.5.0.Final -->
<hibernate-mapping>
    <class name="ca.gc.ic.cipo.tm.model.DataCorrectionActionsLog" table="DATA_CORRECTION_ACTIONS_LOG"
    lazy="false">
        <composite-id>
            <key-property name="fileNumber" type="java.lang.Integer">
                <column name="FILE_NUMBER" precision="7" scale="0" />
            </key-property>
            <key-property name="extensionCounter" type="java.lang.Integer">
                <column name="EXTENSION_COUNTER" precision="2" scale="0" />
            </key-property>
            <key-property name="dataCorrectionAuthorityId" type="java.lang.String">
                <column name="DC_AUTHORITY_ID" precision="3" scale="0" />
            </key-property>
        </composite-id>
        <property name="authorityId" type="java.lang.String" not-null="true">
            <column name="AUTHORITY_ID" />
        </property>
        <property name="dataCorrectionDatePerformed" type="java.util.Date" not-null="true">
            <column name="DC_DATE_PERFORMED" />
        </property>
        <many-to-one name="application" class="ca.gc.ic.cipo.tm.model.Application" update="false" insert="false" fetch="select">
            <column name="FILE_NUMBER" precision="7" scale="0" not-null="true" />
            <column name="EXTENSION_COUNTER" precision="2" scale="0" not-null="true" />
        </many-to-one>
        <property name="additionalInfo" type="java.lang.String">
            <column name="ADDITIONAL_INFO" />
        </property>
        <property name="actionCode" type="java.lang.Integer" not-null="true">
            <column name="ACTION_CODE" />
        </property>
        <property name="justification" type="java.lang.String">
            <column name="JUSTIFICATION" />
        </property>
        <property name="performedByAuthorityId" type="java.lang.String">
            <column name="PERFORMED_BY_AUTHORITY_ID" />
        </property>
        <property name="actionDate" type="java.util.Date" not-null="true">
            <column name="ACTION_DATE" />
        </property>
        <property name="responseDate" type="java.util.Date">
            <column name="RESPONSE_DATE" />
        </property>
        <property name="dataCorrectionActionPerformed" type="java.lang.Integer" not-null="true">
            <column name="DC_ACTION_PERFORMED" />
        </property>
    </class>
</hibernate-mapping>
