<?xml version="1.0"?>
<!DOCTYPE hibernate-mapping PUBLIC "-//Hibernate/Hibernate Mapping DTD 3.0//EN"
"http://hibernate.sourceforge.net/hibernate-mapping-3.0.dtd">
<!-- Generated 20-Oct-2016 1:21:04 PM by Hibernate Tools 3.4.0.CR1 -->
<hibernate-mapping>
    <class name="ca.gc.ic.cipo.tm.model.DocumentReferences" table="DOCUMENT_REFERENCES">
        <composite-id name="id" class="ca.gc.ic.cipo.tm.model.DocumentReferencesId">
            <key-property name="documentId" type="short">
                <column name="DOCUMENT_ID" precision="4" scale="0" />
            </key-property>
            <key-property name="documentType" type="short">
                <column name="DOCUMENT_TYPE" precision="3" scale="0" />
            </key-property>
            <key-property name="osFileName" type="string">
                <column name="OS_FILE_NAME" length="30" />
            </key-property>
            <key-property name="descriptionE" type="string">
                <column name="DESCRIPTION_E" length="60" />
            </key-property>
            <key-property name="descriptionF" type="string">
                <column name="DESCRIPTION_F" length="60" />
            </key-property>
            <key-property name="sectionAuthorityId" type="string">
                <column name="SECTION_AUTHORITY_ID" length="30" />
            </key-property>
        </composite-id>
    </class>
</hibernate-mapping>
