<?xml version="1.0"?>
<!DOCTYPE hibernate-mapping PUBLIC "-//Hibernate/Hibernate Mapping DTD 3.0//EN"
"http://hibernate.sourceforge.net/hibernate-mapping-3.0.dtd">
<!-- Generated 20-Oct-2016 1:21:04 PM by Hibernate Tools 3.4.0.CR1 -->
<hibernate-mapping>
    <class name="ca.gc.ic.cipo.tm.model.DocumentStored" table="DOCUMENT_STORED">
        <composite-id name="id" class="ca.gc.ic.cipo.tm.model.DocumentStoredId">
            <key-property name="fileNumber" type="int">
                <column name="FILE_NUMBER" precision="7" scale="0" />
            </key-property>
            <key-property name="extensionCounter" type="integer">
                <column name="EXTENSION_COUNTER" precision="2" scale="0" />
            </key-property>
            <key-property name="documentName" type="string">
                <column name="DOCUMENT_NAME" length="80" />
            </key-property>
        </composite-id>
        <property name="outputCode" type="short">
            <column name="OUTPUT_CODE" precision="3" scale="0" not-null="true" />
        </property>
        <property name="creationDate" type="date">
            <column name="CREATION_DATE" length="7" not-null="true" />
        </property>
        <property name="documentType" type="string">
            <column name="DOCUMENT_TYPE" length="10" />
        </property>
        <property name="authorityId" type="string">
            <column name="AUTHORITY_ID" length="30" not-null="true" />
        </property>
        <property name="sectionAuthorityId" type="string">
            <column name="SECTION_AUTHORITY_ID" length="30" not-null="true" />
        </property>
        <property name="documentBlob" type="blob">
            <column name="DOCUMENT_BLOB" />
        </property>
    </class>
</hibernate-mapping>
