<?xml version="1.0"?>
<!DOCTYPE hibernate-mapping PUBLIC "-//Hibernate/Hibernate Mapping DTD 3.0//EN"
"http://hibernate.sourceforge.net/hibernate-mapping-3.0.dtd">
<!-- Generated 20-Oct-2016 1:21:04 PM by Hibernate Tools 3.4.0.CR1 -->
<hibernate-mapping>
    <class name="ca.gc.ic.cipo.tm.model.DocumentLocation" table="DOCUMENT_LOCATIONS">
        <comment>This Table is used for the recording of the Location of additional documents for a Trade-mark file at either the file or case level</comment>
        <composite-id name="id" class="ca.gc.ic.cipo.tm.model.DocumentLocationId">
            <key-property name="fileNumber" type="java.lang.Integer">
                <column name="FILE_NUMBER" precision="7" scale="0" />
            </key-property>
            <key-property name="fileType" type="java.lang.Integer">
                <column name="FILE_TYPE" precision="2" scale="0" />
            </key-property>
            <key-property name="sequenceNumber" type="java.lang.Integer">
                <column name="SEQUENCE_NUMBER" precision="2" scale="0" />
            </key-property>
        </composite-id>
        <property name="extensionCounter" type="java.lang.Integer">
            <column name="EXTENSION_COUNTER" precision="2" scale="0" />
        </property>
        <property name="oppCaseNumber" type="java.lang.Integer">
            <column name="OPP_CASE_NUMBER" precision="3" scale="0" />
        </property>
        <property name="typeOfDocument" type="java.lang.Integer">
            <column name="TYPE_OF_DOCUMENT" precision="3" scale="0" not-null="true" />
        </property>
        <property name="location" type="string">
            <column name="LOCATION" length="254" not-null="true" />
        </property>
    </class>
</hibernate-mapping>
