<?xml version="1.0"?>
<!DOCTYPE hibernate-mapping PUBLIC "-//Hibernate/Hibernate Mapping DTD 3.0//EN"
"http://www.hibernate.org/dtd/hibernate-mapping-3.0.dtd">
<!-- Generated 17-Apr-2018 1:37:39 PM by Hibernate Tools 3.6.0.Final -->
<hibernate-mapping>
    <class name="ca.gc.ic.cipo.tm.model.ExtOfTime" table="EC_EXTOFTIME">
        <composite-id>
        	<key-property name="cipoecSrvcItmSeqNo" type="java.lang.Integer">
            	<column name="CIPOEC_SRVC_ITM_SEQ_NO" precision="8" scale="0" />
            </key-property>
	        <key-property name="cipoecTmApltnNo" type="java.lang.Integer">
	            <column name="CIPOEC_TM_APLTN_NO" precision="7" scale="0" not-null="true" />
	        </key-property>
	        <key-property name="apltnExtnCntr" type="java.lang.Integer">
	            <column name="APLTN_EXTN_CNTR" precision="2" scale="0" not-null="true" />
	        </key-property>
	        <key-property name="prcsStatCd" type="java.lang.Integer">
	            <column name="PRCS_STAT_CD" precision="3" scale="0" not-null="true" />
	        </key-property>
        </composite-id>
        <property name="cipoecPrflSeqNo" type="java.lang.Integer">
            <column name="CIPOEC_PRFL_SEQ_NO" precision="8" scale="0" not-null="true" />
        </property>
        <property name="tranTypCd" type="java.lang.Integer">
            <column name="TRAN_TYP_CD" precision="3" scale="0" not-null="true" />
        </property>
        <property name="pymtMthdCd" type="java.lang.Integer">
            <column name="PYMT_MTHD_CD" precision="3" scale="0" />
        </property>
        <property name="pymtAcntNo" type="java.lang.String">
            <column name="PYMT_ACNT_NO" length="15" />
        </property>
        <property name="pymtTransNo" type="java.lang.String">
            <column name="PYMT_TRANS_NO" length="50" />
        </property>
        <property name="pymtDt" type="java.util.Date">
            <column name="PYMT_DT" length="7" />
        </property>
        <property name="pymtAmnt" type="java.math.BigDecimal">
            <column name="PYMT_AMNT" precision="8" />
        </property>
        <property name="ecrcptBlob" type="java.sql.Blob">
            <column name="ECRCPT_BLOB" />
        </property>
        <property name="jstfClob" type="java.sql.Clob">
            <column name="JSTF_CLOB" />
        </property>
        <property name="rgrApprInd" type="java.lang.Integer">
            <column name="RGR_APPR_IND" precision="1" scale="0" />
        </property>
        <property name="orgrTypCd" type="java.lang.Integer">
            <column name="ORGR_TYP_CD" precision="3" scale="0" not-null="true" />
        </property>
        <property name="prsnUsrNm" type="java.lang.String">
            <column name="PRSN_USR_NM" length="80" />
        </property>
        <property name="prsnFstNm" type="java.lang.String">
            <column name="PRSN_FST_NM" length="20" />
        </property>
        <property name="prsnLstNm" type="java.lang.String">
            <column name="PRSN_LST_NM" length="20" />
        </property>
        <property name="prcsStatCdText" type="java.lang.String">
            <column name="PRCS_STAT_CD_TEXT" length="250" />
        </property>
        <property name="recCreatdDt" type="java.util.Date">
            <column name="REC_CREATD_DT" length="7" not-null="true" />
        </property>
        <property name="recCreatdUsrNm" type="java.lang.String">
            <column name="REC_CREATD_USR_NM" length="80" not-null="true" />
        </property>
        <property name="recLtstChngDt" type="java.util.Date">
            <column name="REC_LTST_CHNG_DT" length="7" />
        </property>
        <property name="recLtstChngUsrNm" type="java.lang.String">
            <column name="REC_LTST_CHNG_USR_NM" length="80" />
        </property>
        <property name="extnOfTimBlob" type="java.sql.Blob">
            <column name="EXTN_OF_TIM_BLOB" />
        </property>
    </class>
</hibernate-mapping>
