<?xml version="1.0"?>
<!DOCTYPE hibernate-mapping PUBLIC "-//Hibernate/Hibernate Mapping DTD 3.0//EN"
"http://hibernate.sourceforge.net/hibernate-mapping-3.0.dtd">
<!-- Generated 7-Feb-2017 9:47:12 AM by Hibernate Tools 3.5.0.Final -->
<hibernate-mapping>
    <class name="ca.gc.ic.cipo.tm.model.EmailJobs" table="E_MAIL_JOBS" lazy="false">
        <composite-id>
           <key-property name="emailJobNumber" type="java.lang.Integer">
                <column name="E_MAIL_JOB_NUMBER" precision="2" scale="0" />
            </key-property>
        </composite-id>
        <property name="fileNumber" type="java.lang.Integer">
                <column name="FILE_NUMBER" precision="7" scale="0" />
        </property>
        <property name="extensionCounter" type="java.lang.Integer">
                <column name="EXTENSION_COUNTER" precision="2" scale="0" />
        </property>
        <property name="arNumber" type="java.lang.Integer">
                <column name="AR_NUMBER" precision="3" scale="0" />
        </property>
        <many-to-one name="application" class="ca.gc.ic.cipo.tm.model.Application" update="false" insert="false" fetch="select">
            <column name="FILE_NUMBER" precision="7" scale="0" not-null="true" />
            <column name="EXTENSION_COUNTER" precision="2" scale="0" not-null="true" />
        </many-to-one>
        <property name="authorityId" type="java.lang.String" not-null="true">
            <column name="AUTHORITY_ID" />
        </property>
        <property name="emailStatusCode" type="java.lang.Integer" not-null="true">
            <column name="E_MAIL_STATUS_CODE" />
        </property>
        <property name="emailJobType" type="java.lang.Integer" not-null="true">
            <column name="E_MAIL_JOB_TYPE" />
        </property>
        <property name="sentTimeStamp" type="java.util.Date">
            <column name="SENT_TIMESTAMP" />
        </property>
        <property name="createdTimeStamp" type="java.util.Date">
            <column name="CREATED_TIMESTAMP" />
        </property>
        <property name="modifiedTimeStamp" type="java.util.Date">
            <column name="MODIFIED_TIMESTAMP" />
        </property>
     </class>
</hibernate-mapping>
