<?xml version="1.0"?>
<!DOCTYPE hibernate-mapping PUBLIC "-//Hibernate/Hibernate Mapping DTD 3.0//EN"
"http://www.hibernate.org/dtd/hibernate-mapping-3.0.dtd">
<hibernate-mapping>
    <class name="ca.gc.ic.cipo.tm.model.FigurativeElement" table="FIGURATIVE_ELEMENTS">
        <composite-id>
            <key-property name="fileNumber" type="java.lang.Integer">
                <column name="FILE_NUMBER" precision="7" scale="0" />
            </key-property>
            <key-property name="categoryCode" type="java.lang.Integer">
                <column name="CATEGORY_CODE" precision="2" scale="0" />
            </key-property>
            <key-property name="divisionCode" type="java.lang.Integer">
                <column name="DIVISION_CODE" precision="2" scale="0" />
            </key-property>
            <key-property name="sectionCode" type="java.lang.Integer">
                <column name="SECTION_CODE" precision="2" scale="0" />
            </key-property>
            <key-property name="groupId" type="java.lang.Integer">
                <column name="GROUP_ID" precision="2" scale="0" />
            </key-property>
        </composite-id>
        <many-to-one name="tradeMark" class="ca.gc.ic.cipo.tm.model.TradeMark" update="false" insert="false" fetch="select">
            <column name="FILE_NUMBER" precision="7" scale="0" not-null="true" />
        </many-to-one>
        <property name="sequenceNumber" type="java.lang.Integer">
            <column name="SEQUENCE_NUMBER" precision="2" scale="0" not-null="true" />
        </property>
    </class>
</hibernate-mapping>
