<?xml version="1.0"?>
<!DOCTYPE hibernate-mapping PUBLIC "-//Hibernate/Hibernate Mapping DTD 3.0//EN"
"http://hibernate.sourceforge.net/hibernate-mapping-3.0.dtd">
<!-- Generated 25-Jan-2017 1:27:08 PM by Hibernate Tools 3.5.0.Final -->
<hibernate-mapping>
  <class name="ca.gc.ic.cipo.tm.model.FinancialTransactions" table="FINANCIAL_TRANSACTIONS" lazy="false">
    <id unsaved-value="none" name="financialTransactionNumber" type="java.lang.Integer" column="FINANCIAL_TRANSACTION_NUMBER">
      <generator class="sequence">
        <param name="sequence">FT_SEQUENCE</param>
      </generator>
    </id>
    <property name="fileNumber" type="java.lang.Integer">
      <column name="FILE_NUMBER" precision="7" scale="0" />
    </property>
    <property name="extensionCounter" type="java.lang.Integer">
      <column name="EXTENSION_COUNTER" precision="2" scale="0" />
    </property>
    <property name="arNumber" type="java.lang.Integer">
      <column name="AR_NUMBER" />
    </property>
    <property name="amount" type="java.lang.Integer" not-null="true">
      <column name="AMOUNT" />
    </property>    
    <!--TODO amount mapping is not correct, it is a number(7,2) in the DB
    <property name="amount" type="big_decimal">
  <column name="AMOUNT" scale="2" precision="7" not-null="true" />
</property>-->

    <property name="confirmationNumber" type="java.lang.String">
      <column name="CONFIRMATION_NUMBER" />
    </property>
    <property name="paymentReference" type="java.lang.String">
      <column name="PAYMENT_REFERENCE" />
    </property>
    <property name="printDate" type="java.util.Date">
      <column name="PRINT_DATE" />
    </property>
    <property name="receiveDate" type="java.util.Date" not-null="true">
      <column name="RECEIVE_DATE" />
    </property>
    <property name="paymentMethod" type="java.lang.Integer" not-null="true">
      <column name="PAYMENT_METHOD" />
    </property>
    <property name="feeType" type="java.lang.Integer" not-null="true">
      <column name="FEE_TYPE" />
    </property>
    <property name="accountNumber" type="java.lang.String">
      <column name="ACCOUNT_NUMBER" />
    </property>
    <many-to-one name="application" class="ca.gc.ic.cipo.tm.model.Application" update="false" insert="false"
      fetch="select">
      <column name="FILE_NUMBER" precision="7" scale="0" not-null="true" />
      <column name="EXTENSION_COUNTER" precision="2" scale="0" not-null="true" />
    </many-to-one>
  </class>
</hibernate-mapping>
