<?xml version="1.0"?>
<!DOCTYPE hibernate-mapping PUBLIC "-//Hibernate/Hibernate Mapping DTD 3.0//EN"
"http://hibernate.sourceforge.net/hibernate-mapping-3.0.dtd">
<!-- Generated 30-Jan-2017 9:57:20 AM by Hibernate Tools 3.5.0.Final -->
<hibernate-mapping>
    <class name="ca.gc.ic.cipo.tm.model.FittIdentifiers" table="FITT_IDENTIFIERS" lazy="false">
        <composite-id>
            <key-property name="fileNumber" type="java.lang.Integer">
                <column name="FILE_NUMBER" precision="7" scale="0" />
            </key-property>
            <key-property name="extensionCounter" type="java.lang.Integer">
                <column name="EXTENSION_COUNTER" precision="2" scale="0" />
            </key-property>
            <key-property name="mrUID" type="java.lang.String">
                <column name="MRUID" precision="3" scale="0" />
            </key-property>
        </composite-id>
        <property name="mailRoomDateDays" type="java.lang.String">
            <column name="MAILROOM_DATE_DAYS" />
        </property>
        <many-to-one name="application" class="ca.gc.ic.cipo.tm.model.Application" update="false" insert="false" fetch="select">
            <column name="FILE_NUMBER" precision="7" scale="0" not-null="true" />
            <column name="EXTENSION_COUNTER" precision="2" scale="0" not-null="true" />
        </many-to-one>
        <property name="mailRoomDate" type="java.util.Date" access="field">
            <column name="MAILROOM_DATE" />
        </property>
        <property name="firstReceivedDate" type="java.util.Date">
            <column name="FIRST_RECEIVED_DATE" />
        </property>
        <property name="fileType" type="java.lang.Integer">
            <column name="FILE_TYPE" />
        </property>
    </class>
</hibernate-mapping>
