<?xml version="1.0"?>
<!DOCTYPE hibernate-mapping PUBLIC "-//Hibernate/Hibernate Mapping DTD 3.0//EN"
"http://hibernate.sourceforge.net/hibernate-mapping-3.0.dtd">
<hibernate-mapping>
	<class name="ca.gc.ic.cipo.tm.model.Footnote" table="FOOTNOTES">
		<composite-id>
			<key-property name="fileNumber" type="java.lang.Integer">
				<column name="FILE_NUMBER" precision="7" scale="0" />
			</key-property>
			<key-property name="extensionCounter" type="java.lang.Integer">
				<column name="EXTENSION_COUNTER" precision="2" scale="0" />
			</key-property>
            <key-property name="sequenceNumber" type="java.lang.Integer">
                <column name="FOOTNOTE_SEQUENCE" precision="3" scale="0" />
            </key-property>
		</composite-id>
		<many-to-one name="application" class="ca.gc.ic.cipo.tm.model.Application"
			update="false" insert="false" fetch="select">
			<column name="FILE_NUMBER" precision="7" scale="0" not-null="true" />
			<column name="EXTENSION_COUNTER" precision="2" scale="0" not-null="true" />
		</many-to-one>                        
        <property name="type" type="java.lang.Integer">
            <column name="FOOTNOTE_TYPE" precision="2" scale="0" not-null="true" />
        </property>
        <property name="dateOfChange" type="date">
            <column name="DATE_OF_CHANGE" length="7" />
        </property>
        <property name="dateRegistered" type="date">
            <column name="DATE_REGISTERED" length="7" />
        </property>
        <property name="text" type="string">
            <column name="FOOTNOTE_TEXT" length="2000" />
        </property>
    </class>
</hibernate-mapping>
