<?xml version="1.0"?>
<!DOCTYPE hibernate-mapping PUBLIC "-//Hibernate/Hibernate Mapping DTD 3.0//EN"
"http://www.hibernate.org/dtd/hibernate-mapping-3.0.dtd">
<!-- Generated 12-Jan-2017 7:54:56 AM by Hibernate Tools 4.3.1.Final -->
<hibernate-mapping>
    <class name="ca.gc.ic.cipo.tm.model.GiTranslation" table="GI_TRANSLATION" optimistic-lock="version">
        <composite-id>
            <key-property name="fileNumber" type="java.lang.Integer">
                <column name="FILE_NUMBER" precision="7" scale="0" />
            </key-property>
            <key-property name="extensionCounter" type="java.lang.Integer">
                <column name="EXTENSION_COUNTER" precision="2" scale="0" />
            </key-property>
            <key-property name="sequenceNumber" type="java.lang.Integer">
                <column name="SEQUENCE_NUMBER" precision="2" scale="0" />
            </key-property>
        </composite-id>
        <property name="text" type="string">
            <column name="TEXT" length="749" />
        </property>
        <property name="translationImage" type="blob">
            <column name="TRANSLATION_IMAGE" />
        </property> 
        <property name="modifiedTimestamp" type="date">
            <column name="MODIFIED_TIMESTAMP" length="7" not-null="true" />
        </property>
         <many-to-one name="application" class="ca.gc.ic.cipo.tm.model.Application" update="false" insert="false" fetch="select">
            <column name="FILE_NUMBER" precision="7" scale="0" not-null="true" />
            <column name="EXTENSION_COUNTER" precision="2" scale="0" not-null="true" />
        </many-to-one>
    </class>
</hibernate-mapping>
