<?xml version="1.0"?>
<!DOCTYPE hibernate-mapping PUBLIC "-//Hibernate/Hibernate Mapping DTD 3.0//EN"
"http://www.hibernate.org/dtd/hibernate-mapping-3.0.dtd">

<hibernate-mapping>
    <class name="ca.gc.ic.cipo.tm.model.GoodServiceClassification" table="WS_CLASSIFICATIONS">
        <composite-id>
            <key-property name="fileNumber" type="java.lang.Integer">
                <column name="FILE_NUMBER" precision="7" scale="0" />
            </key-property>
            <key-property name="extensionCounter" type="java.lang.Integer">
                <column name="EXTENSION_COUNTER" precision="2" scale="0" />
            </key-property>
            <key-property name="niceClassCode" type="java.lang.Integer">
                <column name="NICE_CLASS_CODE" precision="2" scale="0" />
            </key-property>
        </composite-id>
        <many-to-one name="application" class="ca.gc.ic.cipo.tm.model.Application" update="false" insert="false" fetch="select">
            <column name="FILE_NUMBER" precision="7" scale="0" not-null="true" />
            <column name="EXTENSION_COUNTER" precision="2" scale="0" not-null="true" />
        </many-to-one>
        <property name="sequenceNumber" type="java.lang.Integer">
            <column name="SEQUENCE_NUMBER" precision="2" scale="0" />
        </property>
    </class>
</hibernate-mapping>
