<?xml version="1.0"?>
<!DOCTYPE hibernate-mapping PUBLIC "-//Hibernate/Hibernate Mapping DTD 3.0//EN"
"http://www.hibernate.org/dtd/hibernate-mapping-3.0.dtd">

<hibernate-mapping>
    <class name="ca.gc.ic.cipo.tm.model.GoodServiceClaim" table="WS_CLAIMS">
        <composite-id>
            <key-property name="fileNumber" type="java.lang.Integer">
                <column name="FILE_NUMBER" precision="7" scale="0" />
            </key-property>
            <key-property name="extensionCounter" type="java.lang.Integer">
                <column name="EXTENSION_COUNTER" precision="2" scale="0" />
            </key-property>
            <key-property name="claimType" type="java.lang.Integer">
        		<column name="CLAIM_TYPE" precision="2" scale="0" />
        	</key-property>
        	<key-property name="claimNumber" type="java.lang.Integer">
        		<column name="CLAIM_NUMBER" precision="3" scale="0" />
			</key-property>
            <key-property name="type" type="java.lang.Integer">
                <column name="WS_TYPE" precision="1" scale="0" />
            </key-property>
            <key-property name="number" type="java.lang.Integer">
                <column name="WS_NUMBER" precision="3" scale="0" />
            </key-property>            
        </composite-id>
        <many-to-one name="claim" class="ca.gc.ic.cipo.tm.model.Claim" fetch="select" insert="false" update="false">
            <column name="FILE_NUMBER" precision="7" scale="0" />
            <column name="EXTENSION_COUNTER" precision="2" scale="0" />
            <column name="CLAIM_TYPE" precision="2" scale="0" />
            <column name="CLAIM_NUMBER" precision="3" scale="0" />
        </many-to-one>
        <many-to-one name="goodService" class="ca.gc.ic.cipo.tm.model.GoodService" fetch="select" insert="false" update="false">
            <column name="FILE_NUMBER" precision="7" scale="0" />
            <column name="EXTENSION_COUNTER" precision="2" scale="0" />
            <column name="WS_TYPE" precision="1" scale="0" />
            <column name="WS_NUMBER" precision="3" scale="0" />
        </many-to-one>
    </class>
</hibernate-mapping>
