<?xml version="1.0"?>
<!DOCTYPE hibernate-mapping PUBLIC "-//Hibernate/Hibernate Mapping DTD 3.0//EN"
                                   "http://www.hibernate.org/dtd/hibernate-mapping-3.0.dtd">
<hibernate-mapping>
	<class name="ca.gc.ic.cipo.tm.model.GoodServiceText" table="WARES_SERVICES_TEXTS">
		<composite-id mapped="false" unsaved-value="undefined">
			<key-property name="fileNumber" type="java.lang.Integer">
				<column name="FILE_NUMBER" precision="7" scale="0" />
			</key-property>
			<key-property name="extensionCounter" type="java.lang.Integer">
				<column name="EXTENSION_COUNTER" precision="2" scale="0" />
			</key-property>
			<key-property name="type" type="java.lang.Integer">
				<column name="WS_TYPE" precision="1" scale="0" />
			</key-property>
			<key-property name="number" type="java.lang.Integer">
				<column name="WS_NUMBER" precision="3" scale="0" />
			</key-property>
			<key-property name="originalInd" type="java.lang.Integer">
				<column name="ORIGINAL_IND" precision="1" scale="0" />
			</key-property>
		</composite-id>
		<many-to-one class="ca.gc.ic.cipo.tm.model.GoodService"
			fetch="select" insert="false" name="goodService" update="false">
			<column name="FILE_NUMBER" not-null="true" precision="7"
				scale="0" />
			<column name="EXTENSION_COUNTER" not-null="true" precision="2"
				scale="0" />
			<column name="WS_TYPE" not-null="true" precision="1" scale="0" />
			<column name="WS_NUMBER" not-null="true" precision="3" scale="0" />
		</many-to-one>
		<property generated="never" lazy="false" name="modifiedTimestamp" type="timestamp">
			<column length="7" name="MODIFIED_TIMESTAMP" not-null="true" />
		</property>
		<property generated="never" lazy="false" name="text"
			type="java.lang.String">
			<column name="TEXT" not-null="true" />
		</property>
		<property generated="never" lazy="false" name="language"
			type="java.lang.Integer">
			<column name="LANGUAGE" not-null="true" precision="1" scale="0" />
		</property>
		<property generated="never" lazy="false" name="translationStatus"
			type="java.lang.Integer">
			<column name="TRANSLATION_STATUS" precision="2" scale="0" />
		</property>
        <property generated="never" lazy="false" name="pickListInd"
            type="java.lang.Integer">
            <column name="PICKLIST_IND" precision="2" scale="0" />
        </property>
	</class>
</hibernate-mapping>
