<?xml version="1.0" encoding="UTF-8"?>
<!DOCTYPE hibernate-reverse-engineering PUBLIC "-//Hibernate/Hibernate Reverse Engineering DTD 3.0//EN" "http://www.hibernate.org/dtd/hibernate-reverse-engineering-3.0.dtd" >

<hibernate-reverse-engineering>
  <table-filter match-name="ACTIONS"/>
  <table-filter match-name="AGENTS_REPS"/>
  <table-filter match-name="APPLICATIONS"/>
  <table-filter match-name="APPLICATION_TEXTS"/>
  <table-filter match-name="ASSOCIATED_MARKS"/>
  <table-filter match-name="CLAIMS"/>
  <table-filter match-name="CLAIM_TEXTS"/>
  <table-filter match-name="COUNTRIES_PROVINCES"/>
  <table-filter match-name="REFERENCE_CODES"/>
  <table-filter match-name="INTERESTED_PARTIES"/>
  <table-filter match-name="OPPOSITION_CASES"/>
  <table-filter match-name="OPPOSITION_CASE_ACTIONS"/>
  <table-filter match-name="TRADE_MARKS"/>
  <table-filter match-name="VIENNA_CLASSIFICATION_CODES"/>
  <table-filter match-name="WARES_SERVICES"/>
  <table-filter match-name="WARES_SERVICES_TEXTS"/>
  <table-filter match-name="WS_CLASSIFICATIONS"/>
  <table-filter match-name="FINANCIAL_TRANSACTIONS"/>
</hibernate-reverse-engineering>