<?xml version="1.0"?>
<!DOCTYPE hibernate-mapping PUBLIC "-//Hibernate/Hibernate Mapping DTD 3.0//EN"
"http://hibernate.sourceforge.net/hibernate-mapping-3.0.dtd">
<!-- Generated 8-Feb-2017 1:19:48 PM by Hibernate Tools 3.5.0.Final -->
<hibernate-mapping>
    <class name="ca.gc.ic.cipo.tm.model.HistoricalFileActions" table="HISTORICAL_FILE_ACTIONS" lazy="false">
        <composite-id>
            <key-property name="receiverAuthorityId" type="java.lang.String">
                <column name="RECEIVER_AUTHORITY_ID" precision="3" scale="0" />
            </key-property>
            <key-property name="senderAuthorityId" type="java.lang.String">
                <column name="SENDER_AUTHORITY_ID" precision="3" scale="0" />
            </key-property>
        </composite-id>  
        <property name="sendTimeStamp" type="java.util.Date">
            <column name="SEND_TIMESTAMP" />
        </property>
        <property name="fileNumber" type="java.lang.Integer">
            <column name="FILE_NUMBER" />
        </property>
        <property name="receiveTimeStamp" type="java.util.Date">
            <column name="RECEIVE_TIMESTAMP" />
        </property>
        <property name="receiverName" type="java.lang.String">
            <column name="RECEIVER_NAME" />
        </property>
        <property name="arNumber" type="java.lang.Integer">
            <column name="AR_NUMBER" />
        </property>
        <property name="fileType" type="java.lang.Integer">
            <column name="FILE_TYPE" />
        </property>
    </class>
</hibernate-mapping>
