<?xml version="1.0"?>
<!DOCTYPE hibernate-mapping PUBLIC "-//Hibernate/Hibernate Mapping DTD 3.0//EN"
"http://www.hibernate.org/dtd/hibernate-mapping-3.0.dtd">
<!-- Generated 12-Apr-2013 7:02:01 AM by Hibernate Tools 4.0.0 -->
<hibernate-mapping>
  <class name="ca.gc.ic.cipo.tm.model.InterestedParty" table="INTERESTED_PARTIES">
    <composite-id>
      <key-property name="fileNumber" type="java.lang.Integer">
        <column name="FILE_NUMBER" precision="7" scale="0" />
      </key-property>
      <key-property name="extensionCounter" type="java.lang.Integer">
        <column name="EXTENSION_COUNTER" precision="2" scale="0" />
      </key-property>
      <key-property name="ipNumber" type="java.lang.Integer">
        <column name="IP_NUMBER" precision="5" scale="0" />
      </key-property>
    </composite-id>
    <many-to-one name="agent" class="ca.gc.ic.cipo.tm.model.AgentRepresentative" fetch="select">
      <column name="AGENT_NUMBER" precision="5" scale="0" />
    </many-to-one>
    <many-to-one name="representative" class="ca.gc.ic.cipo.tm.model.AgentRepresentative" fetch="select">
      <column name="REP_NUMBER" precision="5" scale="0" />
    </many-to-one>
    <many-to-one name="application" class="ca.gc.ic.cipo.tm.model.Application" update="false" insert="false"
      fetch="select">
      <column name="FILE_NUMBER" precision="7" scale="0" not-null="true" />
      <column name="EXTENSION_COUNTER" precision="2" scale="0" not-null="true" />
    </many-to-one>
    <property name="modifiedTimestamp" type="date">
      <column name="MODIFIED_TIMESTAMP" length="7" />
    </property>
    <property name="relationshipType" type="java.lang.Integer">
      <column name="RELATIONSHIP_TYPE" precision="2" scale="0" not-null="true" />
    </property>
    <property name="applicantInd" type="java.lang.Integer">
      <column name="APPLICANT_IND" precision="1" scale="0" not-null="true" />
    </property>
    <property name="registrantInd" type="java.lang.Integer">
      <column name="REGISTRANT_IND" precision="1" scale="0" not-null="true" />
    </property>
    <!-- Contact component begins -->
    <component name="contact" class="ca.gc.ic.cipo.tm.model.IPContact">
      <property name="name" type="string">
        <column name="NAME" length="2000" not-null="true" />
      </property>
      <property name="language" type="java.lang.Integer">
        <column name="LANGUAGE_OF_PREFERENCE" precision="1" scale="0" not-null="true" />
      </property>
      <property name="phoneNumber" type="string">
        <column name="TELEPHONE_NUMBER" length="20" />
      </property>
      <property name="faxNumber" type="string">
        <column name="FAX_NUMBER" length="20" />
      </property>
      <property name="emailAddress" type="string">
        <column name="E_MAIL_ADDRESS" length="100" />
      </property>
      <set name="interestedPartiesAddresses" table="INTERESTED_PARTIES_ADDRESSES" inverse="true" lazy="true" fetch="select">
        <key>
          <column name="FILE_NUMBER" precision="7" scale="0" not-null="true" />
          <column name="EXTENSION_COUNTER" precision="2" scale="0" not-null="true" />
          <column name="IP_NUMBER" precision="5" scale="0" not-null="true" />
        </key>
        <one-to-many class="ca.gc.ic.cipo.tm.model.InterestedPartiesAddresses" />
      </set>
    </component>

    <property name="reference" type="string">
      <column name="REFERENCE" length="20" />
    </property>
    <property name="agentReference" type="string">
      <column name="AGENT_REFERENCE" length="20" />
    </property>
    <property name="agentAttention" type="string">
      <column name="AGENT_ATTENTION" length="40" />
    </property>
    <property name="repReference" type="string">
      <column name="REP_REFERENCE" length="20" />
    </property>
    <property name="repAttention" type="string">
      <column name="REP_ATTENTION" length="40" />
    </property>
    <property name="attention" type="string">
      <column name="ATTENTION" length="40" />
    </property>
    <property name="pointer" type="string">
      <column name="POINTER" length="2000" />
    </property>
    <property name="correspondenceType" type="java.lang.Integer">
      <column name="CORRESPONDENCE_TYPE" precision="2" scale="0" />
    </property>
    <property name="agentCorrespondenceType" type="java.lang.Integer">
      <column name="AGENT_CORRESPONDENCE_TYPE" precision="2" scale="0" />
    </property>
    <property name="repCorrespondenceType" type="java.lang.Integer">
      <column name="REP_CORRESPONDENCE_TYPE" precision="2" scale="0" />
    </property>
  </class>
</hibernate-mapping>
