<?xml version="1.0"?>
<!DOCTYPE hibernate-mapping PUBLIC "-//Hibernate/Hibernate Mapping DTD 3.0//EN"
"http://hibernate.sourceforge.net/hibernate-mapping-3.0.dtd">
<!-- Generated 19-Apr-2017 2:33:01 PM by Hibernate Tools 3.5.0.Final -->
<hibernate-mapping>
    <class name="ca.gc.ic.cipo.tm.model.InterestedPartiesAddresses" table="INTERESTED_PARTIES_ADDRESSES"
    lazy="false">
    <composite-id>
      <key-property name="fileNumber" type="java.lang.Integer">
        <column name="FILE_NUMBER" precision="7" scale="0" />
      </key-property>
      <key-property name="extensionCounter" type="java.lang.Integer">
        <column name="EXTENSION_COUNTER" precision="2" scale="0" />
      </key-property>
      <key-property name="ipNumber" type="java.lang.Integer">
        <column name="IP_NUMBER" precision="2" scale="0" />
      </key-property>
      <key-property name="addressType" type="java.lang.Integer">
        <column name="ADDRESS_TYPE" />
      </key-property>
    </composite-id>
    <property name="countryProvince" type="java.lang.String">
      <column name="COUNTRY_PROVINCE" />
    </property>
    <property name="address" type="java.lang.String">
      <column name="ADDRESS" />
    </property>
    <property name="postalCode" type="java.lang.String">
      <column name="POSTAL_CODE" />
    </property>
    <many-to-one class="ca.gc.ic.cipo.tm.model.InterestedParty" fetch="select" insert="false" name="interestedParty"
      update="false">
      <column name="FILE_NUMBER" not-null="true" precision="7" scale="0" />
      <column name="EXTENSION_COUNTER" not-null="true" precision="2" scale="0" />
      <column name="IP_NUMBER" not-null="true" precision="5" scale="0" />
    </many-to-one>
  </class>
</hibernate-mapping>
