<?xml version="1.0"?>
<!DOCTYPE hibernate-mapping PUBLIC "-//Hibernate/Hibernate Mapping DTD 3.0//EN"
"http://www.hibernate.org/dtd/hibernate-mapping-3.0.dtd">
<!-- Generated 6-Dec-2017 10:24:21 AM by Hibernate Tools 3.6.0.Final -->
<hibernate-mapping>
    <class name="ca.gc.ic.cipo.tm.model.MadridApplicationAction" table="MADRID_APPLICATION_ACTIONS">        
        <id name="madridApplicationActionsSeqNumber" type="java.lang.Long" >
            <column name="MADRID_APPLICATION_ACTIONS_SEQ" precision="10" scale="0" />
        </id>         
        <property name="wipoReferenceNumber" type="string">
            <column name="WIPO_REFERENCE_NUMBER" length="20" />
        </property>        
         <property name="actionCode" type="int">
            <column name="ACTION_CODE" precision="2" scale="0" />
        </property>
        <property name="actionDate" type="date">
            <column name="ACTION_DATE" length="7" />
        </property>
        <property name="authorityId" type="string">
            <column name="AUTHORITY_ID" length="30" />
        </property>
        <property name="additionalInfo" type="string">
            <column name="ADDITIONAL_INFO" length="240" />
        </property> 
         <property name="irTranId" type="java.lang.Long">
            <column name="IR_TRAN_ID" precision="20" scale="0" />
        </property>        
        
        <many-to-one name="madridApplication" class="ca.gc.ic.cipo.tm.model.MadridApplication" update="false" insert="false" fetch="select">
            <column name="WIPO_REFERENCE_NUMBER" length="20" not-null="true" />
        </many-to-one>
    </class>
</hibernate-mapping>
