<?xml version="1.0"?>
<!DOCTYPE hibernate-mapping PUBLIC "-//Hibernate/Hibernate Mapping DTD 3.0//EN"
"http://www.hibernate.org/dtd/hibernate-mapping-3.0.dtd">
<!-- Generated 6-Dec-2017 10:24:21 AM by Hibernate Tools 3.6.0.Final -->
<hibernate-mapping>
    <class name="ca.gc.ic.cipo.tm.model.MadridApplicationXref" table="MADRID_APPLICATIONS_XREF">
        <composite-id>
            <key-property name="fileNumber" type="int">
                <column name="FILE_NUMBER" precision="7" scale="0" />
            </key-property>
            <key-property name="extensionCounter" type="int">
                <column name="EXTENSION_COUNTER" precision="2" scale="0" />
            </key-property>
            <key-property name="wipoReferenceNumber" type="string">
                <column name="WIPO_REFERENCE_NUMBER" length="20" />
            </key-property>
        </composite-id>
        <many-to-one name="madridApplication" class="ca.gc.ic.cipo.tm.model.MadridApplication" update="false" insert="false" fetch="select">
            <column name="WIPO_REFERENCE_NUMBER" length="20" not-null="true" />
        </many-to-one>
    </class>
</hibernate-mapping>
