<?xml version="1.0"?>
<!DOCTYPE hibernate-mapping PUBLIC "-//Hibernate/Hibernate Mapping DTD 3.0//EN"
"http://www.hibernate.org/dtd/hibernate-mapping-3.0.dtd">
<!-- Generated 28-Nov-2017 9:30:09 AM by Hibernate Tools 3.6.0.Final -->
<hibernate-mapping>
    <class name="ca.gc.ic.cipo.tm.model.MadridApplication" table="MADRID_APPLICATIONS">
        <id name="wipoReferenceNumber" type="string">
            <column name="WIPO_REFERENCE_NUMBER" length="20" />
        </id>
        <property name="iaNumber" type="java.lang.Long">
            <column name="IA_NUMBER" precision="10" scale="0" />
        </property>
        <property name="irNumber" type="string">
            <column name="IR_NUMBER" length="10" />
        </property>
        <property name="statusCode" type="java.lang.Integer">
            <column name="STATUS_CODE" precision="2" scale="0" not-null="true" />
        </property>
        <bag name="madridApplicationXrefs" table="MADRID_APPLICATIONS_XREF" cascade="save-update" inverse="false" lazy="true" fetch="select">
            <key>
                <column name="WIPO_REFERENCE_NUMBER" length="20" not-null="true" />
            </key>
            <one-to-many class="ca.gc.ic.cipo.tm.model.MadridApplicationXref" />
        </bag>
        <set name="madridApplicationActions" table="MADRID_APPLICATION_ACTIONS" cascade="save-update" inverse="false" lazy="true" fetch="select">
            <key>
                <column name="WIPO_REFERENCE_NUMBER" length="20" not-null="true" />
            </key>
            <one-to-many class="ca.gc.ic.cipo.tm.model.MadridApplicationAction" />
        </set>        
    </class>
</hibernate-mapping>
