<?xml version="1.0"?>
<!DOCTYPE hibernate-mapping PUBLIC "-//Hibernate/Hibernate Mapping DTD 3.0//EN"
                                   "http://hibernate.sourceforge.net/hibernate-mapping-3.0.dtd">
<!-- Generated 12-Feb-2014 8:42:25 AM by Hibernate Tools 3.4.0.CR1 -->
<hibernate-mapping>
 <class name="ca.gc.ic.cipo.tm.model.Mail" table="MAIL">
  <composite-id mapped="false" unsaved-value="undefined">
   <key-property name="fileType" type="java.lang.Integer">
    <column name="FILE_TYPE" precision="2" scale="0"/>
   </key-property>
   <key-property name="fileNumber" type="java.lang.Integer">
    <column name="FILE_NUMBER" precision="7" scale="0"/>
   </key-property>
   <key-property name="mailTimestamp" type="timestamp">
    <column length="7" name="MAIL_TIMESTAMP"/>
   </key-property>
   <key-property name="mailAttachedInd" type="java.lang.Integer">
    <column name="MAIL_ATTACHED_IND" precision="2" scale="0"/>
   </key-property>
  </composite-id>
  <property generated="never" lazy="false" name="mailType" type="java.lang.Integer">
   <column  precision="2" scale="0" name="MAIL_TYPE"/>
  </property>  
  <property generated="never" lazy="false" name="mailMode" type="java.lang.Integer">
   <column  precision="3" scale="0" name="MAIL_MODE"/>
  </property>    
  <property generated="never" lazy="false" name="mailRoomDate" type="timestamp">
   <column length="7" name="MAIL_ROOM_DATE"/>
  </property>
  <property generated="never" lazy="false" name="authorityId" type="string">
   <column length="30" name="AUTHORITY_ID"/>
  </property>
  <property generated="never" lazy="false" name="attachmentFileName" type="string">
   <column length="50" name="ATTACHMENT_FILE_NAME"/>
  </property>
  <property generated="never" lazy="false" name="additionalInfo" type="string">
   <column length="2000" name="ADDITIONAL_INFO"/>
  </property>
  <property generated="never" lazy="false" name="ecMailText" type="java.lang.String">
   <column name="EC_MAIL_TEXT"/>
  </property>
  <property generated="never" lazy="false" name="processedByAuthorityID" type="string">
   <column length="30" name="PROCESSED_BY_AUTHORITY_ID"/>
  </property>
  <property generated="never" lazy="false" name="processedDate" type="timestamp">
   <column length="7" name="PROCESSED_DATE"/>
  </property>
 </class>
</hibernate-mapping>
