<?xml version="1.0"?>
<!DOCTYPE hibernate-mapping PUBLIC "-//Hibernate/Hibernate Mapping DTD 3.0//EN"
"http://hibernate.sourceforge.net/hibernate-mapping-3.0.dtd">
<!-- Generated 15-Nov-2016 9:17:38 AM by Hibernate Tools 3.4.0.CR1 -->
<hibernate-mapping>
    <class name="ca.gc.ic.cipo.tm.model.NiceReference" table="NICE_REFERENCE">
        <composite-id name="id" class="ca.gc.ic.cipo.tm.model.NiceReferenceId">
            <key-property name="niceEdition" type="java.lang.Integer">
                <column name="NICE_EDITION" precision="2" scale="0" />
            </key-property>
            <key-property name="niceClassCode" type="java.lang.Integer">
                <column name="NICE_CLASS_CODE" precision="2" scale="0" />
            </key-property>
        </composite-id>
        <property name="enClassHeadingDesc" type="string">
            <column name="EN_CLASS_HEADING_DESC" length="2000" not-null="true" />
        </property>
        <property name="frClassHeadingDesc" type="string">
            <column name="FR_CLASS_HEADING_DESC" length="2000" not-null="true" />
        </property>
        <property name="wsType" type="java.lang.Integer">
            <column name="WS_TYPE" precision="1" scale="0" not-null="true" />
        </property>
    </class>
</hibernate-mapping>
