<?xml version="1.0"?>
<!DOCTYPE hibernate-mapping PUBLIC "-//Hibernate/Hibernate Mapping DTD 3.0//EN"
"http://hibernate.sourceforge.net/hibernate-mapping-3.0.dtd">
<!-- Generated 21-Feb-2014 7:06:51 AM by Hibernate Tools 3.4.0.CR1 -->
<hibernate-mapping>
    <class name="ca.gc.ic.cipo.tm.model.OppositionReportNote" table="OPPOSITION_REPORT_NOTES">
        <composite-id>
            <key-property name="fileNumber" type="java.lang.Integer">
                <column name="FILE_NUMBER" precision="7" scale="0" />
            </key-property>
            <key-property name="extensionCounter" type="java.lang.Integer">
                <column name="EXTENSION_COUNTER" precision="2" scale="0" />
            </key-property>
            <key-property name="oppCaseNumber" type="java.lang.Integer">
                <column name="OPP_CASE_NUMBER" precision="3" scale="0" />
            </key-property>
            <key-property name="language" type="java.lang.Integer">
                <column name="LANGUAGE" precision="2" scale="0" />
            </key-property>
            <key-property name="officerCode" type="string">
                <column name="OFFICER_CODE" length="3" />
            </key-property>
            <key-property name="officerGivenDate" type="date">
                <column name="OFFICER_GIVEN_DATE" length="7" />
            </key-property>
            <key-property name="complexityCode" type="java.lang.Integer">
                <column name="COMPLEXITY_CODE" precision="2" scale="0" />
            </key-property>
            <key-property name="comments" type="string">
                <column name="COMMENTS" length="2000" />
            </key-property>
        </composite-id>
    </class>
</hibernate-mapping>
