<?xml version="1.0"?>
<!DOCTYPE hibernate-mapping PUBLIC "-//Hibernate/Hibernate Mapping DTD 3.0//EN"
"http://www.hibernate.org/dtd/hibernate-mapping-3.0.dtd">
<!-- Generated 17-Sep-2019 11:36:00 AM by duanj -->
<hibernate-mapping>
  <class name="ca.gc.ic.cipo.tm.model.OppositionActionCodes" table="OPPOSITION_ACTION_CODES">
    <comment>
      This Table is used for referencing the opposition action codes and
      getting BF time info for deadlines.
    </comment>
    <composite-id>
      <key-property name="oppStageCode" type="java.lang.Integer">
        <column name="OPP_STAGE_CODE" precision="3" scale="0" />
      </key-property>
      <key-property name="oppActionCode" type="java.lang.Integer">
        <column name="OPP_ACTION_CODE" precision="3" scale="0" />
      </key-property>
      <key-property name="oppActionType" type="java.lang.Integer">
        <column name="OPP_ACTION_TYPE" precision="1" scale="0" />
      </key-property>
    </composite-id>
    <property name="parentStageCode" type="java.lang.Integer">
      <column name="PARENT_STAGE_CODE" precision="3" scale="0" />
    </property>
    <property name="parentActionCode" type="java.lang.Integer">
      <column name="PARENT_ACTION_CODE" precision="3" scale="0" />
    </property>
    <property name="oppStatusCode" type="java.lang.Integer">
      <column name="OPP_STATUS_CODE" precision="3" scale="0" />
    </property>
    <property name="bfTimeCode" type="java.lang.Integer">
      <column name="BF_TIME_CODE" precision="1" scale="0" />
    </property>
    <property name="bfTimeQuantity" type="java.lang.Integer">
      <column name="BF_TIME_QUANTITY" precision="3" scale="0" />
    </property>
  </class>
</hibernate-mapping>
