<?xml version="1.0"?>
<!DOCTYPE hibernate-mapping PUBLIC "-//Hibernate/Hibernate Mapping DTD 3.0//EN"
"http://www.hibernate.org/dtd/hibernate-mapping-3.0.dtd">
<!-- Generated 12-Apr-2013 7:02:01 AM by Hibernate Tools 4.0.0 -->
<hibernate-mapping>
  <class name="ca.gc.ic.cipo.tm.model.OppositionCaseAction" table="OPPOSITION_CASE_ACTIONS">
    <id name="oppositionCaseActionsSeq" type="java.lang.Integer">
      <column name="OPPOSITION_CASE_ACTIONS_SEQ" precision="10" scale="0" />
      <generator class="sequence">
        <param name="sequence">OCA_SEQUENCE</param>
      </generator>
    </id>
    <property name="fileNumber" type="java.lang.Integer">
      <column name="FILE_NUMBER" precision="7" scale="0" />
    </property>
    <property name="extensionCounter" type="java.lang.Integer">
      <column name="EXTENSION_COUNTER" precision="2" scale="0" />
    </property>
    <property name="oppCaseNumber" type="java.lang.Integer">
      <column name="OPP_CASE_NUMBER" precision="3" scale="0" />
    </property>
    <property name="oppStageCode" type="java.lang.Integer">
      <column name="OPP_STAGE_CODE" precision="3" scale="0" />
    </property>
    <property name="oppActionCode" type="java.lang.Integer">
      <column name="OPP_ACTION_CODE" precision="3" scale="0" />
    </property>
    <property name="oppActionType" type="java.lang.Integer">
      <column name="OPP_ACTION_TYPE" precision="1" scale="0" />
    </property>
    <property name="actionDate" type="timestamp">
      <column name="ACTION_DATE"  />
    </property>
    <property name="effectiveDate" type="date">
      <column name="EFFECTIVE_DATE"  />
    </property>
    <property name="authorityId" type="java.lang.String" not-null="true">
      <column name="AUTHORITY_ID" />
    </property>
    <property name="additionalInfo" type="string">
      <column name="ADDITIONAL_INFO" length="240" />
    </property>
    <property name="responseDate" type="timestamp">
      <column name="RESPONSE_DATE" />
    </property>
    <property name="deleteCode" type="java.lang.Integer">
      <column name="DELETE_CODE" precision="1" scale="0" />
    </property>
    <many-to-one name="oppositionCase" class="ca.gc.ic.cipo.tm.model.OppositionCase" update="false" insert="false"
      fetch="select">
      <column name="FILE_NUMBER" precision="7" scale="0" not-null="true" />
      <column name="EXTENSION_COUNTER" precision="2" scale="0" not-null="true" />
      <column name="OPP_CASE_NUMBER" precision="3" scale="0" not-null="true" />
    </many-to-one>
  </class>
</hibernate-mapping>
