<?xml version="1.0"?>
<!DOCTYPE hibernate-mapping PUBLIC "-//Hibernate/Hibernate Mapping DTD 3.0//EN"
"http://www.hibernate.org/dtd/hibernate-mapping-3.0.dtd">
<!-- Generated 12-Apr-2013 7:02:01 AM by Hibernate Tools 4.0.0 -->
<hibernate-mapping>
    <class name="ca.gc.ic.cipo.tm.model.OppositionCase" table="OPPOSITION_CASES">
        <composite-id>
            <key-property name="fileNumber" type="java.lang.Integer">
                <column name="FILE_NUMBER" precision="7" scale="0" />
            </key-property>
            <key-property name="extensionCounter" type="java.lang.Integer">
                <column name="EXTENSION_COUNTER" precision="2" scale="0" />
            </key-property>
            <key-property name="oppCaseNumber" type="java.lang.Integer">
                <column name="OPP_CASE_NUMBER" precision="3" scale="0" />
            </key-property>
        </composite-id>
        <many-to-one name="agentRep" class="ca.gc.ic.cipo.tm.model.AgentRepresentative" fetch="select">
            <column name="AR_NUMBER" precision="5" scale="0" />
        </many-to-one>
        <many-to-one name="application" class="ca.gc.ic.cipo.tm.model.Application" update="false" insert="false" fetch="select">
            <column name="FILE_NUMBER" precision="7" scale="0" not-null="true" />
            <column name="EXTENSION_COUNTER" precision="2" scale="0" not-null="true" />
        </many-to-one>
        <property name="oppCaseTypeCode" type="java.lang.Integer">
            <column name="OPP_CASE_TYPE_CODE" precision="1" scale="0" not-null="true" />
        </property>
        <property name="oppStatusCode" type="java.lang.Integer">
            <column name="OPP_STATUS_CODE" precision="3" scale="0" />
        </property>
        <property name="arReference" type="string">
            <column name="AR_REFERENCE" length="20" />
        </property>
        <property name="oppOwnerCorrInd" type="java.lang.Integer">
            <column name="OPP_OWNER_CORR_IND" precision="1" scale="0" not-null="true" />
        </property>
        <bag name="oppositionCaseActions" table="OPPOSITION_CASE_ACTIONS" inverse="true" lazy="true" fetch="select" order-by="OPP_STAGE_CODE asc, EFFECTIVE_DATE asc">
            <key>
                <column name="FILE_NUMBER" precision="7" scale="0" not-null="true" />
                <column name="EXTENSION_COUNTER" precision="2" scale="0" not-null="true" />
                <column name="OPP_CASE_NUMBER" precision="3" scale="0" not-null="true" />
            </key>
            <one-to-many class="ca.gc.ic.cipo.tm.model.OppositionCaseAction" />
        </bag>
        
        
         <bag name="oppositionGrounds" table="OPPOSITION_GROUNDS" inverse="true" lazy="true" fetch="select">
            <key>
                <column name="FILE_NUMBER" precision="7" scale="0" not-null="true" />
                <column name="EXTENSION_COUNTER" precision="2" scale="0" not-null="true" />
                <column name="OPP_CASE_NUMBER" precision="3" scale="0" not-null="true" />
            </key>
            <one-to-many class="ca.gc.ic.cipo.tm.model.OppositionGrounds" />
        </bag>
        
        <set name="oppositionIps" table="OPP_IP" inverse="true" lazy="true" fetch="select">
            <key>
	            <column name="FILE_NUMBER" precision="7" scale="0"/>
    	 		<column name="EXTENSION_COUNTER" precision="2" scale="0" not-null="true" />
        	    <column name="OPP_CASE_NUMBER" precision="3" scale="0" not-null="true" />            
 		   	</key>
 		   	 <one-to-many class="ca.gc.ic.cipo.tm.model.OppositionIp" />
        </set> 
        <!-- many-to-one name="oppositionReportNote" class="ca.gc.ic.cipo.tm.model.OppositionReportNotes" fetch="select" insert="false" update="false">
            <column name="FILE_NUMBER" precision="7" scale="0"/>
			<column name="EXTENSION_COUNTER" precision="2" scale="0" not-null="true" />
			<column name="OPP_CASE_NUMBER" precision="3" scale="0" not-null="true" />            
        </many-to-one--> 
    </class>
</hibernate-mapping>
