<?xml version="1.0"?>
<!DOCTYPE hibernate-mapping PUBLIC "-//Hibernate/Hibernate Mapping DTD 3.0//EN"
"http://www.hibernate.org/dtd/hibernate-mapping-3.0.dtd">
<hibernate-mapping>
  <class name="ca.gc.ic.cipo.tm.model.OppositionGrounds" table="OPPOSITION_GROUNDS">
    <id name="oppositionGroundsSeqId" type="java.lang.Integer">
      <column name="OPPOSITION_GROUNDS_SEQ" precision="10" scale="0" />
       <generator class="sequence">
        <param name="sequence">OG_SEQUENCE</param>
      </generator> 
    </id>
    <property name="fileNumber" type="java.lang.Integer">
      <column name="FILE_NUMBER" precision="7" scale="0" />
    </property>
    <property name="extensionCounter" type="java.lang.Integer">
      <column name="EXTENSION_COUNTER" precision="2" scale="0" />
    </property>
    <property name="oppCaseNumber" type="java.lang.Integer">
      <column name="OPP_CASE_NUMBER" precision="3" scale="0" />
    </property>
    <property name="oppGroundsCode" type="java.lang.Integer">
      <column name="OPP_GROUNDS_CODE" precision="2" scale="0" />
    </property>
    <property name="oppSubsectionCode" type="java.lang.Integer">
      <column name="SUBSECTION_CODE" precision="2" scale="0" />
    </property>
    <property name="reasonClob" type="java.sql.Clob" length="15000">
      <column name="REASON_CLOB" />
    </property>
    <many-to-one name="application" class="ca.gc.ic.cipo.tm.model.Application" update="false" insert="false"
      fetch="select">
      <column name="FILE_NUMBER" precision="7" scale="0" not-null="true" />
      <column name="EXTENSION_COUNTER" precision="2" scale="0" not-null="true" />
    </many-to-one>
     <set name="oppositionCitedMarks" table="OPPOSITION_CITED_MARKS" inverse="true" lazy="true" fetch="select" cascade="save-update">
      <key>
        <column name="OPPOSITION_GROUNDS_SEQ" precision="10" scale="0"  not-null="true" />
      </key>
      <one-to-many class="ca.gc.ic.cipo.tm.model.OppositionCitedMarks"  />
    </set> 
  </class>
</hibernate-mapping>