<?xml version="1.0"?>
<!DOCTYPE hibernate-mapping PUBLIC "-//Hibernate/Hibernate Mapping DTD 3.0//EN"
"http://www.hibernate.org/dtd/hibernate-mapping-3.0.dtd">
<!-- Generated 18-Apr-2013 6:36:45 AM by Hibernate Tools 4.0.0 -->
<hibernate-mapping>
    <class name="ca.gc.ic.cipo.tm.model.OppositionIp" table="OPP_IP">
        <composite-id>
            <key-property name="fileNumber" type="java.lang.Integer">
                <column name="FILE_NUMBER" precision="7" scale="0" />
            </key-property>
            <key-property name="extensionCounter" type="java.lang.Integer">
                <column name="EXTENSION_COUNTER" precision="2" scale="0" />
            </key-property>
            <key-property name="ipNumber" type="java.lang.Integer">
        		<column name="IP_NUMBER" precision="5" scale="0" />
        	</key-property>
        	<key-property name="oppCaseNumber" type="java.lang.Integer">
        		<column name="OPP_CASE_NUMBER" precision="3" scale="0" />
			</key-property>
        </composite-id>
        <many-to-one name="interestedParty" class="ca.gc.ic.cipo.tm.model.InterestedParty" fetch="select" insert="false" update="false">
            <column name="FILE_NUMBER" precision="7" scale="0" />
            <column name="EXTENSION_COUNTER" precision="2" scale="0" />
            <column name="IP_NUMBER" precision="5" scale="0" />
        </many-to-one>
        <many-to-one name="oppositionCase" class="ca.gc.ic.cipo.tm.model.OppositionCase" fetch="select" insert="false" update="false">
            <column name="FILE_NUMBER" precision="7" scale="0" />
            <column name="EXTENSION_COUNTER" precision="2" scale="0" />
            <column name="OPP_CASE_NUMBER" precision="3" scale="0" />
        </many-to-one>
    </class>
</hibernate-mapping>
