<?xml version="1.0"?>
<!DOCTYPE hibernate-mapping PUBLIC "-//Hibernate/Hibernate Mapping DTD 3.0//EN"
"http://www.hibernate.org/dtd/hibernate-mapping-3.0.dtd">
<!-- Generated 18-Apr-2013 6:36:45 AM by Hibernate Tools 4.0.0 -->
<hibernate-mapping>
  <class name="ca.gc.ic.cipo.tm.model.OppositionCitedMarks" table="OPPOSITION_CITED_MARKS">
    <composite-id>
      <key-property name="oppositionGroundsSequence" type="java.lang.Integer">
        <column name="OPPOSITION_GROUNDS_SEQ" precision="10" scale="0" />
      </key-property>
      <key-property name="citedFileNumber" type="java.lang.Integer">
        <column name="CITED_FILE_NUMBER" precision="7" scale="0" />
      </key-property>
      <key-property name="citedExtensionCounter" type="java.lang.Integer">
        <column name="CITED_EXTENSION_COUNTER" precision="2" scale="0" />
      </key-property>
    </composite-id>
    
    
    <many-to-one name="application" class="ca.gc.ic.cipo.tm.model.Application" update="false" insert="false"
      fetch="select">
      <column name="CITED_FILE_NUMBER" precision="7" scale="0" not-null="true" />
      <column name="CITED_EXTENSION_COUNTER" precision="2" scale="0" not-null="true" />
    </many-to-one>
  
    <many-to-one name="oppositionGrounds" class="ca.gc.ic.cipo.tm.model.OppositionGrounds" update="false" insert="false"
      fetch="select">
      <column name="OPPOSITION_GROUNDS_SEQ" precision="10" scale="0" not-null="true" />
    </many-to-one>
  
    
  </class>
</hibernate-mapping>