<?xml version="1.0"?>
<!DOCTYPE hibernate-mapping PUBLIC "-//Hibernate/Hibernate Mapping DTD 3.0//EN"
"http://www.hibernate.org/dtd/hibernate-mapping-3.0.dtd">
<hibernate-mapping>
  <class name="ca.gc.ic.cipo.tm.model.OppositionGroundsSubsection" table="OPPOSITION_GROUNDS_SUBSECTIONS">
    <composite-id>
      <key-property name="oppGroundsCode" type="java.lang.Integer">
        <column name="OPP_GROUNDS_CODE" />
      </key-property>
      <key-property name="subsectionCode" type="java.lang.Integer">
        <column name="SUBSECTION_CODE" />
      </key-property>
      <key-property name="language" type="java.lang.Integer">
        <column name="LANGUAGE" />
      </key-property>
    </composite-id>
    <property name="sortOrder" type="java.lang.Integer">
      <column name="SORT_ORDER"  />
    </property>
    <property name="sectionText" type="java.sql.Clob">
      <column name="SECTION_TEXT" />
    </property>
    <property name="details" type="java.lang.String">
      <column name="DETAILS" />
    </property>
  </class>
</hibernate-mapping>