<?xml version="1.0"?>
<!DOCTYPE hibernate-mapping PUBLIC "-//Hibernate/Hibernate Mapping DTD 3.0//EN"
"http://hibernate.sourceforge.net/hibernate-mapping-3.0.dtd">
<!-- Generated 31-Jan-2017 9:30:21 AM by Hibernate Tools 3.5.0.Final -->
<hibernate-mapping>
    <class name="ca.gc.ic.cipo.tm.model.OralHearingDetails" table="ORAL_HEARING_DETAILS" lazy="false">
        <composite-id>
            <key-property name="fileNumber" type="java.lang.Integer">
                <column name="FILE_NUMBER" precision="7" scale="0" />
            </key-property>
            <key-property name="extensionCounter" type="java.lang.Integer">
                <column name="EXTENSION_COUNTER" precision="2" scale="0" />
            </key-property>
            <key-property name="oppCaseNumber" type="java.lang.Integer">
                <column name="OPP_CASE_NUMBER" precision="3" scale="0" />
            </key-property>
        </composite-id>
        <property name="conferenceCallConfirmNumber" type="java.lang.String">
            <column name="CONFERENCE_CALL_CONFIRM_NUMBER" />
        </property>
        <many-to-one name="oppositionCase" class="ca.gc.ic.cipo.tm.model.OppositionCase" update="false" insert="false" fetch="select">
            <column name="FILE_NUMBER" precision="7" scale="0" not-null="true" />
            <column name="EXTENSION_COUNTER" precision="2" scale="0" not-null="true" />
            <column name="OPP_CASE_NUMBER" precision="2" scale="0" not-null="true" />   
        </many-to-one>
        <property name="location" type="java.lang.Integer" not-null="true">
            <column name="LOCATION" />
        </property>
        <property name="language" type="java.lang.Integer" not-null="true">
            <column name="LANGUAGE" />
        </property>
        <property name="timestamp" type="java.util.Date" not-null="true">
            <column name="TIMESTAMP" />
        </property>
    </class>
</hibernate-mapping>
