<?xml version="1.0"?>
<!DOCTYPE hibernate-mapping PUBLIC "-//Hibernate/Hibernate Mapping DTD 3.0//EN"
"http://hibernate.sourceforge.net/hibernate-mapping-3.0.dtd">
<!-- Generated 30-Jan-2017 1:51:05 PM by Hibernate Tools 3.5.0.Final -->
<hibernate-mapping>
    <class name="ca.gc.ic.cipo.tm.model.OralHearingAttendees" table="ORAL_HEARING_ATTENDEES" lazy="false">
        
        <composite-id>
            <key-property name="fileNumber" type="java.lang.Integer">
                <column name="FILE_NUMBER" precision="7" scale="0" />
            </key-property>
            <key-property name="extensionCounter" type="java.lang.Integer">
                <column name="EXTENSION_COUNTER" precision="2" scale="0" />
            </key-property>
            <key-property name="oppCaseNumber" type="java.lang.Integer">
                <column name="OPP_CASE_NUMBER" precision="3" scale="0" />
            </key-property>
            <key-property name="attendeeType" type="java.lang.Integer">
                <column name="ATTENDEE_TYPE" precision="3" scale="0" />
            </key-property>
        </composite-id>
        <property name="attendanceType" type="java.lang.Integer">
            <column name="ATTENDANCE_TYPE" />
        </property>
        <property name="jurisPrudenceStatus" type="java.lang.Integer">
            <column name="JURISPRUDENCE_STATUS" />
        </property>
        <property name="languageOfPreference" type="java.lang.Integer">
            <column name="LANGUAGE_OF_PREFERENCE" />
        </property>
        <property name="telephoneNumber" type="java.lang.String">
            <column name="TELEPHONE_NUMBER" />
        </property>
        <property name="simultaneousTransReqdInd" type="java.lang.Integer">
            <column name="SIMULTANEOUS_TRANS_REQD_IND" />
        </property>
        <property name="jurisPrudenceSentDate" type="java.util.Date">
            <column name="JURISPRUDENCE_SENT_DATE" />
        </property>
        <property name="notAttendingInd" type="java.lang.Integer">
            <column name="NOT_ATTENDING_IND" />
        </property>
        <many-to-one name="oppositionCase" class="ca.gc.ic.cipo.tm.model.OppositionCase" update="false" insert="false" fetch="select">
            <column name="FILE_NUMBER" precision="7" scale="0" not-null="true" />
            <column name="EXTENSION_COUNTER" precision="2" scale="0" not-null="true" />
            <column name="OPP_CASE_NUMBER" precision="2" scale="0" not-null="true" />   
        </many-to-one>
        <property name="name" type="java.lang.String">
            <column name="NAME" />
        </property>
        <property name="ipAddress" type="java.lang.String">
            <column name="IP_ADDRESS" />
        </property>
        <property name="faxNumber" type="java.lang.String">
            <column name="FAX_NUMBER" />
        </property>
    </class>
</hibernate-mapping>
