<?xml version="1.0"?>
<!DOCTYPE hibernate-mapping PUBLIC "-//Hibernate/Hibernate Mapping DTD 3.0//EN"
"http://hibernate.sourceforge.net/hibernate-mapping-3.0.dtd">
<!-- Generated 7-Feb-2017 1:34:04 PM by Hibernate Tools 3.5.0.Final -->
<hibernate-mapping>
    <class name="ca.gc.ic.cipo.tm.model.PdfFiles" table="PDF_FILES" lazy="false">
        <composite-id>
           <key-property name="emailJobNumber" type="java.lang.Integer">
                <column name="E_MAIL_JOB_NUMBER" precision="2" scale="0" />
            </key-property>
            <key-property name="outputCode" type="java.lang.Integer">
                <column name="OUTPUT_CODE" precision="2" scale="0" />
            </key-property>
        </composite-id>
        <property name="pdfJobStatusCode" type="java.lang.Integer" not-null="true">
            <column name="PDF_JOB_STATUS_CODE" />
        </property>
        <property name="fileName" type="java.lang.String">
            <column name="FILE_NAME" />
        </property>
        <property name="pdfJobError" type="java.lang.String">
            <column name="PDF_JOB_ERROR" />
        </property>
        <property name="createdTimeStamp" type="java.util.Date" not-null="true">
            <column name="CREATED_TIMESTAMP" />
        </property>
        <property name="modifiedTimeStamp" type="java.util.Date">
            <column name="MODIFIED_TIMESTAMP" />
        </property>
        <property name="fileBlob" type="java.sql.Blob">
            <column name="FILE_BLOB" />
        </property>
        <many-to-one name="emailJobs" class="ca.gc.ic.cipo.tm.model.EmailJobs" update="false" insert="false" fetch="select">
            <column name="E_MAIL_JOB_NUMBER" precision="2" scale="0" />
        </many-to-one>
    </class>
</hibernate-mapping>
