<?xml version="1.0"?>
<!DOCTYPE hibernate-mapping PUBLIC "-//Hibernate/Hibernate Mapping DTD 3.0//EN"
"http://hibernate.sourceforge.net/hibernate-mapping-3.0.dtd">
<!-- Generated 6-Feb-2017 1:44:52 PM by Hibernate Tools 3.5.0.Final -->
<hibernate-mapping>
    <class name="ca.gc.ic.cipo.tm.model.PhysicalFiles" table="PHYSICAL_FILES" lazy="false">
        <composite-id>
            <key-property name="fileNumber" type="java.lang.Integer">
                <column name="FILE_NUMBER" precision="3" scale="0" />
            </key-property>
            <key-property name="fileType" type="java.lang.Integer">
                <column name="FILE_TYPE" precision="3" scale="0" />
            </key-property>
        </composite-id>
        <property name="locationAuthorityId" type="java.lang.String" not-null="true">
                <column name="LOCATION_AUTHORITY_ID" />
        </property>
        <property name="transitInd" type="java.lang.Integer">
            <column name="TRANSIT_IND" />
        </property>
        <property name="disposedDate" type="java.util.Date">
            <column name="DISPOSED_DATE" />
        </property>
        <property name="ascessionNo" type="java.lang.String">
            <column name="ASCESSION_NO" />
        </property>
        <property name="archivalLocator" type="java.lang.String">
            <column name="ARCHIVAL_LOCATOR" />
        </property>
    </class>
</hibernate-mapping>
