<?xml version="1.0"?>
<!DOCTYPE hibernate-mapping PUBLIC "-//Hibernate/Hibernate Mapping DTD 3.0//EN"
"http://hibernate.sourceforge.net/hibernate-mapping-3.0.dtd">
<!-- Generated 27-Jan-2017 2:04:38 PM by Hibernate Tools 3.5.0.Final -->
<hibernate-mapping>
    <class name="ca.gc.ic.cipo.tm.model.ProcessAction" table="PROCESS_ACTIONS" lazy="false">
        <id name="processActionId" type="java.lang.Integer">
          <column name="PROCESS_ACTIONS_SEQ" precision="10" scale="0" />
            <generator class="sequence">
                <param name="sequence">PA_SEQUENCE</param>  
            </generator>
        </id>    
  
        <property name="fileNumber" type="java.lang.Integer">
            <column name="FILE_NUMBER" precision="7" scale="0" />
        </property>
        <property name="extensionCounter" type="java.lang.Integer">
            <column name="EXTENSION_COUNTER" precision="2" scale="0" />
        </property>
        <property name="authorityId" type="java.lang.String">
            <column name="AUTHORITY_ID" precision="3" scale="0" />
        </property>
        <property name="processCode" type="java.lang.Integer">
            <column name="PROCESS_CODE" />
        </property>
        <property name="processType" type="java.lang.Integer">
          <column name="PROCESS_TYPE" />
        </property>
 
        <many-to-one name="application" class="ca.gc.ic.cipo.tm.model.Application" update="false" insert="false" fetch="select">
            <column name="FILE_NUMBER" precision="7" scale="0" not-null="true" />
            <column name="EXTENSION_COUNTER" precision="2" scale="0" not-null="true" />
        </many-to-one>
        <property name="oppositionCaseNumber" type="java.lang.Integer">
            <column name="OPP_CASE_NUMBER" />
        </property>        
        <property name="wipoReferenceNumber" type="java.lang.String">
            <column name="WIPO_REFERENCE_NUMBER" />
        </property>       
        <property name="irNumber" type="java.lang.String">
            <column name="IR_NUMBER" />
        </property>             
        <property name="alternateMailTo" type="java.lang.String">
            <column name="ALTERNATE_MAIL_TO" />
        </property>       
        <property name="additionalInfo" type="java.lang.String">
            <column name="ADDITIONAL_INFO" />
        </property>
        <property name="officeType" type="java.lang.String">
            <column name="OFFICE_TYPE" />
        </property>
        <property name="processDate" type="timestamp">
            <column name="PROCESS_DATE" />
        </property>
    </class>
</hibernate-mapping>
