<?xml version="1.0"?>
<!DOCTYPE hibernate-mapping PUBLIC "-//Hibernate/Hibernate Mapping DTD 3.0//EN"
"http://hibernate.sourceforge.net/hibernate-mapping-3.0.dtd">
<!-- Generated 3-Feb-2017 10:11:15 AM by Hibernate Tools 3.5.0.Final -->
<hibernate-mapping>
    <class name="ca.gc.ic.cipo.tm.model.PullingLists" table="PULLING_LISTS" lazy="false">
       <composite-id>
            <key-property name="pullingListNumber" type="java.lang.Integer">
                <column name="PULLING_LIST_NUMBER" precision="3" scale="0" />
            </key-property>
        </composite-id>
        <property name="authorityId" type="java.lang.String">
            <column name="AUTHORITY_ID" precision="3" scale="0" />
        </property>
        <many-to-one name="authorities" class="ca.gc.ic.cipo.tm.model.Authorities" update="false" insert="false" fetch="select">
            <column name="AUTHORITY_ID" precision="7" scale="0"  />
        </many-to-one>
    </class>
</hibernate-mapping>
