<?xml version="1.0"?>
<!DOCTYPE hibernate-mapping PUBLIC "-//Hibernate/Hibernate Mapping DTD 3.0//EN"
"http://www.hibernate.org/dtd/hibernate-mapping-3.0.dtd">
<!-- Generated 12-Apr-2013 7:02:01 AM by Hibernate Tools 4.0.0 -->
<hibernate-mapping>	
    <class name="ca.gc.ic.cipo.tm.model.ReferenceText" table="REFERENCE_TEXTS">
        <composite-id>
            <key-property name="code" type="java.lang.Integer">
                <column name="CODE" precision="3" scale="0" />
            </key-property>
            <key-property name="codeLevel" type="java.lang.Integer">
                <column name="CODE_LEVEL" precision="2" scale="0" />
            </key-property>
			<key-property name="language" type="java.lang.Integer">
                <column name="LANGUAGE" precision="1" scale="0" />
            </key-property>            
        </composite-id>
        <property name="text" type="string">
            <column name="TEXT" length="2000" />
        </property>
    </class>
</hibernate-mapping>
