<?xml version="1.0"?>
<!DOCTYPE hibernate-mapping PUBLIC "-//Hibernate/Hibernate Mapping DTD 3.0//EN"
"http://www.hibernate.org/dtd/hibernate-mapping-3.0.dtd">
<!-- Generated 17-Apr-2018 1:37:39 PM by Hibernate Tools 3.6.0.Final -->
<hibernate-mapping>
    <class name="ca.gc.ic.cipo.tm.model.RegfeedecuseAllowed" table="REGFEEDECUSE_ALLOWED">
        <composite-id>
          <key-property name="fileNumber" type="java.lang.Integer">
            <column name="FILE_NUMBER" precision="7" scale="0" />
          </key-property>
          <key-property name="extensionCounter" type="java.lang.Integer">
            <column name="EXTENSION_COUNTER" precision="2" scale="0" />
          </key-property>
        </composite-id>
        <property name="tmText" type="java.lang.String">
          <column name="TM_TEXT"  />
        </property>
        <property name="ownerName" type="java.lang.String">
          <column name="OWNER_NAME"  />
        </property>
        <property name="arNumber" type="java.lang.Integer">
          <column name="AR_NUMBER" precision="5" scale="0" />
        </property>
        <property name="looseMail" type="java.lang.Integer">
          <column name="LOOSE_MAIL" precision="1" scale="0" />
        </property>
        <property name="pendingOwner" type="java.lang.Integer">
          <column name="PENDING_OWNER" precision="1" scale="0" />
        </property>
        <property name="pendingSeizure" type="java.lang.Integer">
          <column name="PENDING_SEIZURE" precision="1" scale="0" />
        </property>
        <property name="assignmentWorksheet" type="java.lang.Integer">
          <column name="ASSIGNMENT_WORKSHEET" precision="1" scale="0" />
        </property>
        <property name="seizure" type="java.lang.Integer">
          <column name="SEIZURE" precision="1" scale="0" />
        </property>
        <property name="allowedResponseDate" type="java.util.Date">
            <column name="ALLOWED_RESPONSE_DATE" />
        </property>
        <property name="dueDate" type="java.util.Date">
            <column name="DUE_DATE" />
        </property>
        <property name="lastApplicationUpdate" type="java.util.Date">
          <column name="LAST_APPLICATION_UPDATE" not-null="true" />
        </property>
    </class>
</hibernate-mapping>
