<?xml version="1.0"?>
<!DOCTYPE hibernate-mapping PUBLIC "-//Hibernate/Hibernate Mapping DTD 3.0//EN"
"http://www.hibernate.org/dtd/hibernate-mapping-3.0.dtd">
<!-- Generated 17-Apr-2018 1:37:39 PM by Hibernate Tools 3.6.0.Final -->
<hibernate-mapping>
    <class name="ca.gc.ic.cipo.tm.model.RegfeedecuseHistory" table="REGFEEDECUSE_HISTORY">
        <id name="cipoecSrvcItmSeqNo" type="java.lang.Integer">
            <column name="CIPOEC_SRVC_ITM_SEQ_NO" precision="8" scale="0" />
            <generator class="assigned" />
        </id>
        <property name="cipoecPrflSeqNo" type="java.lang.Integer">
            <column name="CIPOEC_PRFL_SEQ_NO" precision="8" scale="0" not-null="true" />
        </property>
        <property name="prcsStatCd" type="java.lang.Integer">
            <column name="PRCS_STAT_CD" precision="3" scale="0" not-null="true" />
        </property>
        <property name="tranTypCd" type="java.lang.Integer">
            <column name="TRAN_TYP_CD" precision="3" scale="0" not-null="true" />
        </property>
        <property name="extNtcBlob" type="java.sql.Blob">
            <column name="EXT_NTC_BLOB" />
        </property>
        <property name="rgsPgBlob" type="java.sql.Blob">
            <column name="RGS_PG_BLOB" />
        </property>
        <property name="rgsCrtBlob" type="java.sql.Blob">
            <column name="RGS_CRT_BLOB" />
        </property>
        <property name="rgsNo" type="java.lang.String">
            <column name="RGS_NO" length="12" />
        </property>
        <property name="rgsCrtPrntNo" type="java.lang.Integer">
            <column name="RGS_CRT_PRNT_NO" precision="2" scale="0" />
        </property>
        <property name="recCreatdDt" type="date">
            <column name="REC_CREATD_DT" length="7" not-null="true" />
        </property>
        <property name="recCreatdUsrNm" type="java.lang.String">
            <column name="REC_CREATD_USR_NM" length="80" not-null="true" />
        </property>
        <property name="recLtstChngDt" type="java.util.Date">
            <column name="REC_LTST_CHNG_DT" length="7" />
        </property>
        <property name="recLtstChngUsrNm" type="java.lang.String">
            <column name="REC_LTST_CHNG_USR_NM" length="80" />
        </property>
        <property name="decUseBlob" type="java.sql.Blob">
            <column name="DEC_USE_BLOB" />
        </property>
    </class>
</hibernate-mapping>
