<?xml version="1.0"?>
<!DOCTYPE hibernate-mapping PUBLIC "-//Hibernate/Hibernate Mapping DTD 3.0//EN"
                                   "http://www.hibernate.org/dtd/hibernate-mapping-3.0.dtd">
<hibernate-mapping>
  <class name="ca.gc.ic.cipo.tm.model.RegistrationRenewal" table="TM_WEB">
    <composite-id>
      <key-property name="fileNumber" type="java.lang.Integer">
        <column name="FILE_NUMBER" precision="7" scale="0" />
      </key-property>
      <key-property name="extensionCounter" type="java.lang.Integer">
        <column name="EXTENSION_COUNTER" precision="2" scale="0" />
      </key-property>
    </composite-id>
    <property name="registrationNumber" type="java.lang.Integer">
      <column name="REGISTRATION_NUMBER" precision="7" scale="0" />
    </property>
    <property name="legislation" type="java.lang.Integer">
      <column name="LEGISLATION" precision="2" scale="0" not-null="true" />
    </property>
    <property name="statusCode" type="java.lang.Integer">
      <column name="STATUS_CODE" precision="2" scale="0" not-null="true" />
    </property>
    <property name="agentNumber" type="java.lang.Integer">
      <column name="AGENT_NUMBER" precision="5" scale="0" />
    </property>
    <property name="text" type="java.lang.String">
      <column name="TEXT"  />
    </property>
    <property name="renewalDueDate" type="timestamp">
      <column name="RENEWAL_DUE_DATE" />
    </property>
    <property name="renewalStartDate" type="timestamp">
      <column name="RENEWAL_START_DATE" />
    </property>
    <property name="renewalEndDate" type="timestamp">
      <column name="RENEWAL_END_DATE" />
    </property>
    <property name="ownerName" type="java.lang.String">
      <column name="OWNER_NAME" />
    </property>
      <property name="extraNiceClass" type="java.lang.Integer">
      <column name="EXTRA_NICE_CLASS" />
    </property>
   </class>
</hibernate-mapping>
