<?xml version="1.0" encoding="UTF-8"?>
<!DOCTYPE hibernate-mapping PUBLIC "-//Hibernate/Hibernate Mapping DTD 3.0//EN"
"http://hibernate.sourceforge.net/hibernate-mapping-3.0.dtd">

<hibernate-mapping>
  <class name="ca.gc.ic.cipo.tm.model.SearchRenewalView" table="V_SEARCH_RENEWAL" mutable="false">
    <composite-id>
      <key-property name="fileNumber" type="java.lang.Integer">
        <column name="FILE_NUMBER" precision="7" scale="0" />
      </key-property>
      <key-property name="extensionCounter" type="java.lang.Integer">
        <column name="EXTENSION_COUNTER" precision="2" scale="0" />
      </key-property>
    </composite-id>
    
    <property name="trademarkName" type="java.lang.String">
      <column name="TEXT" precision="2" scale="0" />
    </property>
    <property name="registrationNumber" type="java.lang.Integer">
      <column name="REGISTRATION_NUMBER" precision="7" scale="0" />
    </property>
    <property name="renewalDueDate" type="java.util.Date">
      <column name="RENEWAL_DATE" />
    </property>
    
    <property name="notBeforeDate" type="java.util.Date">
      <column name="NOT_BEFORE_DATE" />
    </property>
    
    <property name="notAfterDate" type="java.util.Date">
      <column name="NOT_AFTER_DATE" />
    </property>
    
    <property name="legislation" type="java.lang.Integer">
      <column name="LEGISLATION" />
    </property>
  </class>
</hibernate-mapping>