<?xml version="1.0"?>
<!DOCTYPE hibernate-mapping PUBLIC "-//Hibernate/Hibernate Mapping DTD 3.0//EN"
"http://hibernate.sourceforge.net/hibernate-mapping-3.0.dtd">
<!-- Generated 1-Feb-2017 1:00:23 PM by Hibernate Tools 3.5.0.Final -->
<!-- Deprecated: To removed   -->
<hibernate-mapping>
    <class name="ca.gc.ic.cipo.tm.model.SelectedParagraphs" table="SELECTED_PARAGRAPHS" lazy="false">
        <composite-id>
            <key-property name="fileNumber" type="java.lang.Integer">
                <column name="FILE_NUMBER" precision="7" scale="0" />
            </key-property>
            <key-property name="extensionCounter" type="java.lang.Integer">
                <column name="EXTENSION_COUNTER" precision="2" scale="0" />
            </key-property>
            <key-property name="sequenceNumber" type="java.lang.Integer">
                <column name="SEQUENCE_NUMBER" />
            </key-property>
            <key-property name="processCode" type="java.lang.Integer">
                <column name="PROCESS_CODE" />
            </key-property>
            <key-property name="processType" type="java.lang.Integer">
                <column name="PROCESS_TYPE" />
            </key-property> 
            <key-property name="authorityId" type="java.lang.String">
                <column name="AUTHORITY_ID" precision="3" scale="0" />
            </key-property>
        </composite-id>
        <property name="paragraphFileName" type="java.lang.String" not-null="true">
            <column name="PARAGRAPH_FILENAME" />
        </property>
        <many-to-one name="processActions" class="ca.gc.ic.cipo.tm.model.ProcessAction" update="false" insert="false" fetch="select">
            <column name="FILE_NUMBER" precision="7" scale="0" not-null="true" />
            <column name="EXTENSION_COUNTER" precision="2" scale="0" not-null="true" />
            <column name="AUTHORITY_ID" precision="2" scale="0" not-null="true" />
            <column name="PROCESS_CODE" precision="2" scale="0" not-null="true" />
            <column name="PROCESS_TYPE" precision="2" scale="0" not-null="true" />
        </many-to-one>
    </class>
</hibernate-mapping>
