<?xml version="1.0"?>
<!DOCTYPE hibernate-mapping PUBLIC "-//Hibernate/Hibernate Mapping DTD 3.0//EN"
"http://hibernate.sourceforge.net/hibernate-mapping-3.0.dtd">
<!-- Generated 7-Feb-2017 1:34:04 PM by Hibernate Tools 3.5.0.Final -->
<hibernate-mapping>
  <class name="ca.gc.ic.cipo.tm.model.TradeMarkLock" table="LOCKED_TRADE_MARKS" lazy="false">
    <composite-id>
      <key-property name="fileNumber" type="java.lang.Integer">
        <column name="FILE_NUMBER" precision="7" scale="0" />
      </key-property>
      <key-property name="extensionCounter" type="java.lang.Integer">
        <column name="EXTENSION_COUNTER" precision="2" scale="0" />
      </key-property>
   </composite-id>
    <property name="userName" type="java.lang.String" not-null="true">
        <column name="USERNAME" />
    </property>
    <property name="sid" type="java.lang.Integer" not-null="true">
        <column name="SID" />
    </property>
  </class>
</hibernate-mapping>