<?xml version="1.0"?>
<!DOCTYPE hibernate-mapping PUBLIC "-//Hibernate/Hibernate Mapping DTD 3.0//EN"
"http://www.hibernate.org/dtd/hibernate-mapping-3.0.dtd">
<hibernate-mapping>
  <class name="ca.gc.ic.cipo.tm.model.TrademarkType" table="TRADE_MARK_TYPE">
    <composite-id>
      <key-property name="fileNumber" type="java.lang.Integer">
        <column name="FILE_NUMBER" precision="7" scale="0" />
      </key-property>
      <key-property name="type" type="java.lang.Integer">
        <column name="TYPE" precision="2" scale="0" />
      </key-property>
    </composite-id>
    <many-to-one name="tradeMark" class="ca.gc.ic.cipo.tm.model.TradeMark" update="false" insert="false"  fetch="select">
      <column name="FILE_NUMBER" precision="7" scale="0" not-null="true" />
    </many-to-one>
  </class>
</hibernate-mapping>
