<?xml version="1.0"?>
<!DOCTYPE hibernate-mapping PUBLIC "-//Hibernate/Hibernate Mapping DTD 3.0//EN"
"http://www.hibernate.org/dtd/hibernate-mapping-3.0.dtd">
<!-- Generated 22-Apr-2013 8:54:29 AM by Hibernate Tools 4.0.0 -->
<hibernate-mapping>
  <class name="ca.gc.ic.cipo.tm.model.TradeMark" table="TRADE_MARKS">
    <id name="fileNumber" type="java.lang.Integer">
      <column name="FILE_NUMBER" precision="7" scale="0" />
      <generator class="assigned" />
    </id>
    <property name="text" type="string">
      <column name="TEXT" length="749" not-null="true" />
    </property>
    <set name="figurativeElements" table="FIGURATIVE_ELEMENTS" inverse="true" lazy="true" fetch="select"
      order-by="GROUP_ID ASC, SEQUENCE_NUMBER ASC">
      <key>
        <column name="FILE_NUMBER" precision="7" scale="0" not-null="true" />
      </key>
      <one-to-many class="ca.gc.ic.cipo.tm.model.FigurativeElement" />
    </set>
    <set name="trademarkTypes" cascade="save-update" table="TRADE_MARK_TYPE"  inverse="true" lazy="true" fetch="select">
      <key>
        <column name="FILE_NUMBER" precision="7" scale="0" not-null="true" />
      </key>
      <one-to-many class="ca.gc.ic.cipo.tm.model.TrademarkType" />
    </set>
  </class>
</hibernate-mapping>
