<?xml version="1.0"?>
<!DOCTYPE hibernate-mapping PUBLIC "-//Hibernate/Hibernate Mapping DTD 3.0//EN"
"http://www.hibernate.org/dtd/hibernate-mapping-3.0.dtd">
<hibernate-mapping>
    <class name="ca.gc.ic.cipo.tm.model.TransactionInbox" table="EC_TRANSACTION_INBOX">
        <id unsaved-value="none" name="transactionInboxSeqNum" type="java.lang.Integer" column="TRANSACTION_INBOX_SEQ_NO">
            <generator class="sequence">
                <param name="sequence">EC_INBOX_SEQUENCE</param>
            </generator>
        </id>
        <property name="serviceItemNum" type="java.lang.Integer">
            <column name="EC_REFERENCE_NUMBER" precision="22" scale="0" not-null="true" />
        </property>    
        <property name="paymentDate" type="timestamp">
            <column name="EC_PAYMENT_DATE" length="7" />
        </property>
        <property name="transactionType" type="java.lang.Integer">
            <column name="TRANSACTION_TYPE" precision="2" scale="0" not-null="true" />
        </property>
        <property name="fileNumber" type="java.lang.Integer">
            <column name="FILE_NUMBER" precision="7" scale="0" not-null="true" />
        </property>
        <property name="extensionCounter" type="java.lang.Integer">
            <column name="EXTENSION_COUNTER" precision="2" scale="0" not-null="true"/>
        </property>
        <property name="transactionStatusCode" type="java.lang.Integer">
            <column name="TRANSACTION_STATUS_CD" precision="2" scale="0" not-null="true"/>
        </property>
 		<property name="transactionStatusDetails" type="string">
		    <column name="TRANSACTION_STATUS_DETAILS" length="250"/>
		</property>	     
		<property name="originatorLastName" type="string">
		    <column name="ORIGINATOR_LAST_NAME" length="40"/>
		</property>	     
		<property name="originatorFirstName" type="string">
		    <column name="ORIGINATOR_FIRST_NAME" length="40"/>
		</property>
		<property name="oppositionCaseNumber" type="java.lang.Integer">
            <column name="OPP_CASE_NUMBER" precision="3" scale="0" not-null="true" />
        </property>
       <property name="createdDate" type="timestamp">
            <column name="CREATED_DATE" length="7" />
        </property>  
		<property name="createdBy" type="string">
		    <column name="CREATED_BY" length="80"/>
		</property>
        <property name="lastChangedDate" type="timestamp">
            <column name="LAST_CHANGED_DATE" length="7" />
        </property>
		<property name="lastChangedBy" type="string">
		    <column name="LAST_CHANGED_BY" length="80"/>
		</property>
    
        <set name="attachments" table="EC_TRANSACTION_INBOX_ATTCH" cascade="delete" inverse="true" lazy="true" fetch="select">
            <key>
                <column name="TRANSACTION_INBOX_SEQ_NO" precision="7" scale="0" not-null="true" />
            </key>
            <one-to-many class="ca.gc.ic.cipo.tm.model.TransactionInboxAttachment" />
        </set>
        
    </class>
</hibernate-mapping>
