<?xml version="1.0"?>
<!DOCTYPE hibernate-mapping PUBLIC "-//Hibernate/Hibernate Mapping DTD 3.0//EN"
"http://www.hibernate.org/dtd/hibernate-mapping-3.0.dtd">
<hibernate-mapping>
  <class name="ca.gc.ic.cipo.tm.model.TransactionInboxAttachment" table="EC_TRANSACTION_INBOX_ATTCH">
    <id unsaved-value="none" name="attachmentSeqNum" type="java.lang.Integer" column="INBOX_ATTACHMENT_SEQ_NO">
      <generator class="sequence">
        <param name="sequence">EC_INBOX_ATTCH_SEQUENCE</param>
      </generator>
    </id>
    <property name="transactionInboxSeqNum" type="java.lang.Integer">
      <column name="TRANSACTION_INBOX_SEQ_NO" precision="22" scale="0" not-null="true" />
    </property>
    <property name="attachmentType" type="java.lang.Integer">
      <column name="ATTACHMENT_TYPE" precision="22" scale="0" not-null="true" />
    </property>
    <property name="attachmentFileName" type="string">
      <column name="ATTACHMENT_FILENAME" length="250" not-null="true" />
    </property>
    <property name="attachmentDescription" type="string">
      <column name="ATTACHMENT_DESCRIPTION" length="2000" not-null="true" />
    </property>
    <property name="atachmentFormat" type="java.lang.Integer">
      <column name="ATTACHMENT_FORMAT" precision="2" scale="0" not-null="true" />
    </property>
    <property name="attachmentFileBlob" type="blob">
      <column name="ATTACHMENT_FILE" />
    </property>
    <property name="createdDate" type="timestamp">
      <column name="CREATED_DATE" length="7" />
    </property>
    <property name="createdBy" type="string">
      <column name="CREATED_BY" length="80" />
    </property>
    <property name="lastChangedDate" type="date">
      <column name="LAST_CHANGED_DATE" length="7" />
    </property>
    <property name="lastChangedBy" type="string">
      <column name="LAST_CHANGED_BY" length="80" />
    </property>
    <many-to-one name="transactionInbox" class="ca.gc.ic.cipo.tm.model.TransactionInbox" update="false" insert="false"
      fetch="select">
      <column name="TRANSACTION_INBOX_SEQ_NO" not-null="true" />
    </many-to-one>
  </class>
</hibernate-mapping>
