<?xml version="1.0"?>
<!DOCTYPE hibernate-mapping PUBLIC "-//Hibernate/Hibernate Mapping DTD 3.0//EN"
"http://www.hibernate.org/dtd/hibernate-mapping-3.0.dtd">
<!-- Generated 12-Apr-2013 7:02:01 AM by Hibernate Tools 4.0.0 -->
<hibernate-mapping>
    <class name="ca.gc.ic.cipo.tm.model.ViennaClassificationCode" table="VIENNA_CLASSIFICATION_CODES">
        <composite-id>
            <key-property name="categoryCode" type="java.lang.Integer">
                <column name="CATEGORY_CODE" precision="2" scale="0" />
            </key-property>
            <key-property name="divisionCode" type="java.lang.Integer">
                <column name="DIVISION_CODE" precision="2" scale="0" />
            </key-property>
            <key-property name="sectionCode" type="java.lang.Integer">
                <column name="SECTION_CODE" precision="2" scale="0" />
            </key-property>
            <key-property name="language" type="java.lang.Integer">
                <column name="LANGUAGE" precision="1" scale="0" />
            </key-property>
        </composite-id>
        <property name="auxillaryInd" type="java.lang.Integer">
            <column name="AUXILLARY_IND" precision="1" scale="0" not-null="true" />
        </property>
        <property name="description" type="string">
            <column name="DESCRIPTION" length="2000" not-null="true" />
        </property>
    </class>
</hibernate-mapping>
