<?xml version="1.0"?>
<!DOCTYPE hibernate-mapping PUBLIC "-//Hibernate/Hibernate Mapping DTD 3.0//EN"
"http://www.hibernate.org/dtd/hibernate-mapping-3.0.dtd">
<!-- Generated 12-Apr-2013 7:02:01 AM by Hibernate Tools 4.0.0 -->
<hibernate-mapping>
    <class name="ca.gc.ic.cipo.tm.model.WareService" table="WARES_SERVICES">
        <composite-id>
            <key-property name="fileNumber" type="java.lang.Integer">
                <column name="FILE_NUMBER" precision="7" scale="0" />
            </key-property>
            <key-property name="extensionCounter" type="java.lang.Integer">
                <column name="EXTENSION_COUNTER" precision="2" scale="0" />
            </key-property>
            <key-property name="wsType" type="java.lang.Integer">
                <column name="WS_TYPE" precision="1" scale="0" />
            </key-property>
            <key-property name="wsNumber" type="java.lang.Integer">
                <column name="WS_NUMBER" precision="3" scale="0" />
            </key-property>
        </composite-id>
        <property name="niceClassCode" type="java.lang.Integer">
           	<column name="NICE_CLASS_CODE" precision="2" scale="0" not-null="false"/>
        </property> 
        <property name="niceEdition" type="java.lang.Integer">
            <column name="NICE_EDITION" precision="2" scale="0" not-null="false"/>
        </property>        
        <many-to-one name="application" class="ca.gc.ic.cipo.tm.model.Application" update="false" insert="false" fetch="select">
            <column name="FILE_NUMBER" precision="7" scale="0" not-null="true" />
            <column name="EXTENSION_COUNTER" precision="2" scale="0" not-null="true" />
        </many-to-one>
        <set name="wsClaims" table="WS_CLAIMS" inverse="true" lazy="true" fetch="select" order-by="WS_TYPE ASC, WS_NUMBER ASC">
            <key>
                <column name="FILE_NUMBER" precision="7" scale="0" not-null="true" />
                <column name="EXTENSION_COUNTER" precision="2" scale="0" not-null="true" />
                <column name="WS_TYPE" precision="1" scale="0" not-null="true" />
                <column name="WS_NUMBER" precision="3" scale="0" not-null="true" />
            </key>
            <one-to-many class="ca.gc.ic.cipo.tm.model.WsClaim" />
        </set>
        <set name="wareServiceTexts" table="WARES_SERVICES_TEXTS" inverse="true" lazy="true" fetch="select" order-by="WS_TYPE ASC, WS_NUMBER ASC, LANGUAGE ASC">
            <key>
                <column name="FILE_NUMBER" precision="7" scale="0" not-null="true" />
                <column name="EXTENSION_COUNTER" precision="2" scale="0" not-null="true" />
                <column name="WS_TYPE" precision="1" scale="0" not-null="true" />
                <column name="WS_NUMBER" precision="3" scale="0" not-null="true" />
            </key>
            <one-to-many class="ca.gc.ic.cipo.tm.model.WareServiceText" />
        </set>
    </class>
</hibernate-mapping>
