<?xml version="1.0"?>
<!DOCTYPE hibernate-mapping PUBLIC "-//Hibernate/Hibernate Mapping DTD 3.0//EN"
"http://www.hibernate.org/dtd/hibernate-mapping-3.0.dtd">
<hibernate-mapping>
  <class name="ca.gc.ic.cipo.tm.model.WebTransactionsWaresService" table="WEB_TRANSACTIONS_WS">
   <composite-id>
    <key-property name="transactionNumber" type="java.lang.Integer">
        <column name="TRANSACTION_NUMBER" precision="7" scale="0" />
      </key-property>
      <key-property name="wsType" type="java.lang.Integer">
        <column name="WS_TYPE" precision="1" scale="0" />
      </key-property>
      <key-property name="wsNumber" type="java.lang.Integer">
        <column name="WS_NUMBER" precision="3" scale="0" />
      </key-property>
    </composite-id>
  </class>
</hibernate-mapping>
