<?xml version="1.0"?>
<!DOCTYPE hibernate-mapping PUBLIC "-//Hibernate/Hibernate Mapping DTD 3.0//EN"
"http://www.hibernate.org/dtd/hibernate-mapping-3.0.dtd">
<!-- Generated 17-Apr-2018 1:37:39 PM by Hibernate Tools 3.6.0.Final -->
<hibernate-mapping>
  <class name="ca.gc.ic.cipo.tm.model.WebTransactions" table="WEB_TRANSACTIONS">
    <id name="transactionNumber" type="java.lang.Integer">
      <column name="TRANSACTION_NUMBER" precision="7" scale="0" />
      <generator class="sequence">
        <param name="sequence">WEB_TRANSACTIONS_SEQ</param>
      </generator>
    </id>
    <property name="fileNumber" type="java.lang.Integer">
      <column name="FILE_NUMBER" precision="7" scale="0" not-null="true" />
    </property>
    <property name="extensionCounter" type="java.lang.Integer">
      <column name="EXTENSION_COUNTER" precision="2" scale="0" not-null="true" />
    </property>
    <property name="transactionDate" type="java.util.Date">
      <column name="TRANSACTION_DATE" length="7" not-null="true" />
    </property>
    <property name="transactionType" type="java.lang.Integer">
      <column name="TRANSACTION_TYPE" precision="3" scale="0" />
    </property>
    <property name="statusCode" type="java.lang.Integer">
      <column name="STATUS_CODE" precision="2" scale="0" not-null="true" />
    </property>
    <property name="paymentMethod" type="java.lang.Integer">
      <column name="PAYMENT_METHOD" precision="2" scale="0" />
    </property>
    <property name="accountNumber" type="java.lang.String">
      <column name="ACCOUNT_NUMBER" length="15" />
    </property>
    <property name="correspondenceType" type="java.lang.Integer">
      <column name="CORRESPONDENCE_TYPE" precision="2" scale="0" />
    </property>
    <property name="eMailAddress" type="java.lang.String">
      <column name="E_MAIL_ADDRESS" length="300" />
    </property>
    <property name="strategisUserId" type="java.lang.String">
      <column name="STRATEGIS_USER_ID" length="80" not-null="true" />
    </property>
    <property name="arNumber" type="java.lang.Integer">
      <column name="AR_NUMBER" precision="5" scale="0" />
    </property>
    <property name="confirmationNumber" type="java.lang.String">
      <column name="CONFIRMATION_NUMBER" length="15" />
    </property>
    <property name="agentIndvlCode" type="java.lang.Integer">
      <column name="AGENT_INDVL_CODE" precision="1" scale="0" />
    </property>
    <property name="indvlName" type="java.lang.String">
      <column name="INDVL_NAME" length="60" />
    </property>
    <property name="indvlMailingAddress" type="java.lang.String">
      <column name="INDVL_MAILING_ADDRESS" length="432" />
    </property>
    <property name="indvlTelNumber" type="java.lang.String">
      <column name="INDVL_TEL_NUMBER" length="20" />
    </property>
    <property name="cipoecSrvcItmSeqNo" type="java.lang.Integer">
      <column name="CIPOEC_SRVC_ITM_SEQ_NO" precision="8" scale="0" />
    </property>
    <property name="ecrcptBlob" type="java.sql.Blob">
      <column name="ECRCPT_BLOB" />
    </property>
    <property name="renewalCertificate" type="java.sql.Blob">
      <column name="RENEWAL_CERTIFICATE" />
    </property>
    <property name="registrationPage" type="java.sql.Blob">
      <column name="REGISTRATION_PAGE" />
    </property>
    <property name="acknowledgementNotice" type="java.sql.Blob">
      <column name="ACKNOWLEDGEMENT_NOTICE" />
    </property>
  </class>
</hibernate-mapping>
