<?xml version="1.0"?>
<!DOCTYPE hibernate-mapping PUBLIC "-//Hibernate/Hibernate Mapping DTD 3.0//EN"
"http://www.hibernate.org/dtd/hibernate-mapping-3.0.dtd">
<!-- Generated 18-Apr-2013 6:36:45 AM by Hibernate Tools 4.0.0 -->
<hibernate-mapping>
    <class name="ca.gc.ic.cipo.tm.model.WsClaim" table="WS_CLAIMS">
        <composite-id>
            <key-property name="fileNumber" type="java.lang.Integer">
                <column name="FILE_NUMBER" precision="7" scale="0" />
            </key-property>
            <key-property name="extensionCounter" type="java.lang.Integer">
                <column name="EXTENSION_COUNTER" precision="2" scale="0" />
            </key-property>
            <key-property name="claimType" type="java.lang.Integer">
        		<column name="CLAIM_TYPE" precision="2" scale="0" />
        	</key-property>
        	<key-property name="claimNumber" type="java.lang.Integer">
        		<column name="CLAIM_NUMBER" precision="3" scale="0" />
			</key-property>
            <key-property name="wsType" type="java.lang.Integer">
                <column name="WS_TYPE" precision="1" scale="0" />
            </key-property>
            <key-property name="wsNumber" type="java.lang.Integer">
                <column name="WS_NUMBER" precision="3" scale="0" />
            </key-property>            
        </composite-id>
        <many-to-one name="claim" class="ca.gc.ic.cipo.tm.model.Claim" fetch="select" insert="false" update="false">
            <column name="FILE_NUMBER" precision="7" scale="0" />
            <column name="EXTENSION_COUNTER" precision="2" scale="0" />
            <column name="CLAIM_TYPE" precision="2" scale="0" />
            <column name="CLAIM_NUMBER" precision="3" scale="0" />
        </many-to-one>
        <many-to-one name="wareService" class="ca.gc.ic.cipo.tm.model.WareService" fetch="select" insert="false" update="false">
            <column name="FILE_NUMBER" precision="7" scale="0" />
            <column name="EXTENSION_COUNTER" precision="2" scale="0" />
            <column name="WS_TYPE" precision="1" scale="0" />
            <column name="WS_NUMBER" precision="3" scale="0" />
        </many-to-one>
    </class>
</hibernate-mapping>
