<?xml version="1.0" encoding="UTF-8"?>
<!DOCTYPE hibernate-reverse-engineering PUBLIC "-//Hibernate/Hibernate Reverse Engineering DTD 3.0//EN" "http://hibernate.sourceforge.net/hibernate-reverse-engineering-3.0.dtd" >

<hibernate-reverse-engineering>
<!-- 	<table-filter match-name="ACTIONS"></table-filter> -->
<!-- 	<table-filter match-name="AGENTS_REPS"></table-filter> -->
<!-- 	<table-filter match-name="APPLICATIONS"></table-filter> -->
<!-- 	<table-filter match-name="APPLICATION_EMAILS"></table-filter> -->
<!-- 	<table-filter match-name="APPLICATION_TEXTS"></table-filter> -->
<!-- 	<table-filter match-name="AR_ACTIONS"></table-filter> -->
<!-- 	<table-filter match-name="ASSOCIATED_MARKS"></table-filter> -->
<!-- 	<table-filter match-name="AUTHORITIES"></table-filter> -->
<!-- 	<table-filter match-name="AUXILLIARY_VIENNA_LINK"></table-filter> -->
<!-- 	<table-filter match-name="AVAILABLE_OUTPUTS"></table-filter> -->
<!-- 	<table-filter match-name="BATCH_JOBS"></table-filter> -->
<!-- 	<table-filter match-name="BATCH_JOBS_NAMES"></table-filter> -->
<!-- 	<table-filter match-name="CHARACTER_SET"></table-filter> -->
<!-- 	<table-filter match-name="CITED_LINKS"></table-filter> -->
<!-- 	<table-filter match-name="CLAIMS"></table-filter> -->
<!-- 	<table-filter match-name="CLAIM_TEXTS"></table-filter> -->
<!-- 	<table-filter match-name="CONTENT_INDEX"></table-filter> -->
<!-- 	<table-filter match-name="COUNTRIES_PROVINCES"></table-filter> -->
<!-- 	<table-filter match-name="CP_BCK"></table-filter> -->
<!-- 	<table-filter match-name="CURRENT_FILE_ACTIONS"></table-filter> -->
<!-- 	<table-filter match-name="DATA_CORRECTION_ACTIONS_LOG"></table-filter> -->
<!-- 	<table-filter match-name="DESIGN_KEYWORD_DICTIONARY"></table-filter> -->
<!-- 	<table-filter match-name="DIES_NONS"></table-filter> -->
	<table-filter match-name="DOCUMENT_LOCATIONS"></table-filter>
	<table-filter match-name="DOCUMENT_LOCATIONS_AFFIANT"></table-filter>
	<table-filter match-name="DOCUMENT_REFERENCES"></table-filter>
	<table-filter match-name="DOCUMENT_STORED"></table-filter>
<!-- 	<table-filter match-name="DOUBTFUL_CASES"></table-filter> -->
<!-- 	<table-filter match-name="ECOMM_ACCOUNT_REPORTING"></table-filter> -->
<!-- 	<table-filter match-name="EC_EXTOFTIME"></table-filter> -->
<!-- 	<table-filter match-name="EC_INTERESTED_PARTIES_ADRS_I"></table-filter> -->
<!-- 	<table-filter match-name="EC_INTERESTED_PARTIES_I"></table-filter> -->
<!-- 	<table-filter match-name="EC_OPPOSITION_I"></table-filter> -->
<!-- 	<table-filter match-name="EC_OPP_EXTOFTIME_I"></table-filter> -->
<!-- 	<table-filter match-name="EC_REGISTRATION"></table-filter> -->
<!-- 	<table-filter match-name="EIS_ACTIONS"></table-filter> -->
<!-- 	<table-filter match-name="EIS_APPLICATIONS_COPY"></table-filter> -->
<!-- 	<table-filter match-name="EIS_RECOVERY_STATUS"></table-filter> -->
<!-- 	<table-filter match-name="E_MAIL_JOBS"></table-filter> -->
<!-- 	<table-filter match-name="FEES"></table-filter> -->
<!-- 	<table-filter match-name="FIGURATIVE_ELEMENTS"></table-filter> -->
<!-- 	<table-filter match-name="FINANCIAL_TRANSACTIONS"></table-filter> -->
<!-- 	<table-filter match-name="FITT_IDENTIFIERS"></table-filter> -->
<!-- 	<table-filter match-name="FITT_IDENTIFIERS_AR"></table-filter> -->
<!-- 	<table-filter match-name="FN_WSC"></table-filter> -->
<!-- 	<table-filter match-name="FOOTNOTES"></table-filter> -->
<!-- 	<table-filter match-name="GI_LIST"></table-filter> -->
<!-- 	<table-filter match-name="HISTORICAL_FILE_ACTIONS"></table-filter> -->
<!-- 	<table-filter match-name="INDEX_HEADINGS"></table-filter> -->
<!-- 	<table-filter match-name="INTERESTED_PARTIES"></table-filter> -->
<!-- 	<table-filter match-name="JFORMS_NAMES"></table-filter> -->
<!-- 	<table-filter match-name="JOURNAL_NOTICES"></table-filter> -->
<!-- 	<table-filter match-name="KXPERT"></table-filter> -->
<!-- 	<table-filter match-name="LOCKED_EC"></table-filter> -->
<!-- 	<table-filter match-name="LOCKED_TRADE_MARKS"></table-filter> -->
<!-- 	<table-filter match-name="LOCKED_VPN_QUEUE"></table-filter> -->
<!-- 	<table-filter match-name="MAIL"></table-filter> -->
<!-- 	<table-filter match-name="NICE_REFERENCE"></table-filter> -->
<!-- 	<table-filter match-name="NOTE_TO_FILE"></table-filter> -->
<!-- 	<table-filter match-name="OAC_DOCS_XREF"></table-filter> -->
<!-- 	<table-filter match-name="OPPOSITION_ACTION_CODES"></table-filter> -->
<!-- 	<table-filter match-name="OPPOSITION_APPEAL_LIST"></table-filter> -->
<!-- 	<table-filter match-name="OPPOSITION_CASES"></table-filter> -->
<!-- 	<table-filter match-name="OPPOSITION_CASE_ACTIONS"></table-filter> -->
<!-- 	<table-filter match-name="OPPOSITION_REPORT_NOTES"></table-filter> -->
<!-- 	<table-filter match-name="OPP_IP"></table-filter> -->
<!-- 	<table-filter match-name="ORAL_HEARING_ATTENDEES"></table-filter> -->
<!-- 	<table-filter match-name="ORAL_HEARING_DETAILS"></table-filter> -->
<!-- 	<table-filter match-name="OS_FILE"></table-filter> -->
<!-- 	<table-filter match-name="PDF_FILES"></table-filter> -->
<!-- 	<table-filter match-name="PF_PROCESS_ACTIONS"></table-filter> -->
<!-- 	<table-filter match-name="PHYSICAL_FILES"></table-filter> -->
<!-- 	<table-filter match-name="PRINT_JOBS"></table-filter> -->
<!-- 	<table-filter match-name="PROCESS_ACTIONS"></table-filter> -->
<!-- 	<table-filter match-name="PULLING_LISTS"></table-filter> -->
<!-- 	<table-filter match-name="RECENT_TM_SEARCH"></table-filter> -->
<!-- 	<table-filter match-name="REFERENCE_CODES"></table-filter> -->
<!-- 	<table-filter match-name="REFERENCE_TEXTS"></table-filter> -->
<!-- 	<table-filter match-name="REGFEEDECUSE_ALLOWED"></table-filter> -->
<!-- 	<table-filter match-name="REGFEEDECUSE_ALLOWED_RD"></table-filter> -->
<!-- 	<table-filter match-name="REGFEEDECUSE_HISTORY"></table-filter> -->
<!-- 	<table-filter match-name="REGISTRATION_DOCUMENT"></table-filter> -->
<!-- 	<table-filter match-name="REPOSITORY_AGENTS_UPDATES"></table-filter> -->
<!-- 	<table-filter match-name="REPOSITORY_DELETE_HISTORY"></table-filter> -->
<!-- 	<table-filter match-name="REPOSITORY_INDEX"></table-filter> -->
<!-- 	<table-filter match-name="RESTART_TABLE"></table-filter> -->
<!-- 	<table-filter match-name="ROBOTHELP_STATS"></table-filter> -->
<!-- 	<table-filter match-name="SELECTED_PARAGRAPHS"></table-filter> -->
<!-- 	<table-filter match-name="SMTP_MAIL"></table-filter> -->
<!-- 	<table-filter match-name="SYSTEM_INFO"></table-filter> -->
<!-- 	<table-filter match-name="TMIC_EXCEPTIONS"></table-filter> -->
<!-- 	<table-filter match-name="TMPIP"></table-filter> -->
<!-- 	<table-filter match-name="TM_REFUSAL_SECTION"></table-filter> -->
<!-- 	<table-filter match-name="TM_REFUSAL_SECTION_OLD"></table-filter> -->
<!-- 	<table-filter match-name="TM_WEB"></table-filter> -->
<!-- 	<table-filter match-name="TRADEMARK_REFUSAL_INTRANET"></table-filter> -->
<!-- 	<table-filter match-name="TRADE_MARKS"></table-filter> -->
<!-- 	<table-filter match-name="TRADE_MARK_CLASS_XREF"></table-filter> -->
<!-- 	<table-filter match-name="VIENNA_CLASSIFICATION_CODES"></table-filter> -->
<!-- 	<table-filter match-name="VPN_QUEUE"></table-filter> -->
<!-- 	<table-filter match-name="WARES_SERVICES"></table-filter> -->
<!-- 	<table-filter match-name="WARES_SERVICES_TEXTS"></table-filter> -->
<!-- 	<table-filter match-name="WEB_TRANSACTIONS"></table-filter> -->
<!-- 	<table-filter match-name="WEB_TRANSACTIONS_BU"></table-filter> -->
<!-- 	<table-filter match-name="WS_CLAIMS"></table-filter> -->
<!-- 	<table-filter match-name="WS_CLASSIFICATIONS"></table-filter> -->
</hibernate-reverse-engineering>