<?xml version="1.0" encoding="UTF-8"?>
<!DOCTYPE hibernate-configuration PUBLIC
		"-//Hibernate/Hibernate Configuration DTD 3.0//EN"
		"http://hibernate.sourceforge.net/hibernate-configuration-3.0.dtd">
<hibernate-configuration>
    <session-factory name="sessionFactory">
        <property name="hibernate.connection.driver_class">oracle.jdbc.driver.OracleDriver</property>
        <property name="hibernate.connection.password">ecrw9371</property>
        <property name="hibernate.connection.url">jdbc:oracle:thin:@p8221.ic.gc.ca:1521:tmdev0</property>
        <property name="hibernate.connection.username">ecomrw</property>
        <property name="hibernate.default_schema">TM</property>
        <property name="hibernate.dialect">org.hibernate.dialect.Oracle10gDialect</property>
    </session-factory>
</hibernate-configuration>
