<?xml version="1.0" encoding="UTF-8"?>
<beans xmlns="http://www.springframework.org/schema/beans" xmlns:xsi="http://www.w3.org/2001/XMLSchema-instance"
  xmlns:aop="http://www.springframework.org/schema/aop" xmlns:tx="http://www.springframework.org/schema/tx"
  xsi:schemaLocation="http://www.springframework.org/schema/beans
	http://www.springframework.org/schema/beans/spring-beans-3.0.xsd
	http://www.springframework.org/schema/aop
	http://www.springframework.org/schema/aop/spring-aop-3.0.xsd
	http://www.springframework.org/schema/tx
    http://www.springframework.org/schema/tx/spring-tx-3.0.xsd">

  <tx:annotation-driven transaction-manager="transactionManager" />

  <bean id="transactionManager" class="org.springframework.orm.hibernate4.HibernateTransactionManager">
    <property name="sessionFactory" ref="sessionFactory" />
  </bean>

  <bean id="sessionFactory" class="org.springframework.orm.hibernate4.LocalSessionFactoryBean">
    <property name="dataSource" ref="dataSource" />
    <property name="mappingResources">
      <list>
        <value>/mapping/AatIp.hbm.xml</value>
        <value>/mapping/AaTransaction.hbm.xml</value>
        <value>/mapping/Action.hbm.xml</value>
        <value>/mapping/AgentRepresentative.hbm.xml</value>
        <value>/mapping/Application.hbm.xml</value>
        <value>/mapping/ApplicationText.hbm.xml</value>
        <value>/mapping/AssociatedMark.hbm.xml</value>
        <value>/mapping/Claim.hbm.xml</value>
        <value>/mapping/ClaimText.hbm.xml</value>
        <value>/mapping/CountryProvince.hbm.xml</value>
        <value>/mapping/DoubtfulCase.hbm.xml</value>
        <value>/mapping/DocumentLocations.hbm.xml</value>
        <value>/mapping/DocumentLocationsAffiant.hbm.xml</value>
        <value>/mapping/DocumentStored.hbm.xml</value>
        <value>/mapping/FigurativeElement.hbm.xml</value>
        <value>/mapping/Footnotes.hbm.xml</value>
        <value>/mapping/IndexHeading.hbm.xml</value>
        <value>/mapping/InterestedParty.hbm.xml</value>
        <value>/mapping/Mail.hbm.xml</value>
        <value>/mapping/MadridApplications.hbm.xml</value>
        <value>/mapping/MadridApplicationActions.hbm.xml</value>
        <value>/mapping/MadridApplicationsXref.hbm.xml</value>
        <value>/mapping/NiceReference.hbm.xml</value>
        <value>/mapping/OppositionActionCodes.hbm.xml</value>
        <value>/mapping/OppositionCase.hbm.xml</value>
        <value>/mapping/OppositionCaseAction.hbm.xml</value>
        <value>/mapping/OppositionIp.hbm.xml</value>
        <value>/mapping/OppositionGrounds.hbm.xml</value>
        <value>/mapping/OppositionReportNote.hbm.xml</value>
        <value>/mapping/ReferenceCode.hbm.xml</value>
        <value>/mapping/ReferenceText.hbm.xml</value>
        <value>/mapping/TradeMark.hbm.xml</value>
        <value>/mapping/ViennaClassificationCode.hbm.xml</value>
        <value>/mapping/GoodService.hbm.xml</value>
        <value>/mapping/GoodServiceText.hbm.xml</value>
        <value>/mapping/GoodServiceClaim.hbm.xml</value>
        <value>/mapping/GoodServiceClassification.hbm.xml</value>
        <value>/mapping/TransactionInbox.hbm.xml</value>
        <value>/mapping/TransactionInboxAttachment.hbm.xml</value>
        <value>/mapping/FinancialTransactions.hbm.xml</value>
        <value>/mapping/DataCorrectionActionsLog.hbm.xml</value>
        <value>/mapping/ProcessActions.hbm.xml</value>
        <value>/mapping/FittIdentifiers.hbm.xml</value>
        <value>/mapping/AAWorkSheetFiles.hbm.xml</value>
        <value>/mapping/AAWorkSheets.hbm.xml</value>
        <value>/mapping/Authorities.hbm.xml</value>
        <value>/mapping/PullingLists.hbm.xml</value>
        <value>/mapping/CurrentFileActions.hbm.xml</value>
        <value>/mapping/PhysicalFiles.hbm.xml</value>
        <value>/mapping/EmailJobs.hbm.xml</value>
        <value>/mapping/PdfFiles.hbm.xml</value>
        <value>/mapping/ApplicationEmails.hbm.xml</value>
        <value>/mapping/HistoricalFileActions.hbm.xml</value>
        <value>/mapping/AgentRepresentativeActions.hbm.xml</value>
        <value>/mapping/FittIdentifiersAgentsRepresentatives.hbm.xml</value>
        <value>/mapping/InterestedPartiesAddresses.hbm.xml</value>
        <value>/mapping/AgentUserXref.hbm.xml</value>
        <value>/mapping/TrademarkType.hbm.xml</value>
        <value>/mapping/GiTranslation.hbm.xml</value>
        <value>/mapping/WebTransactions.hbm.xml</value>
        <value>/mapping/WebTransactionsWS.hbm.xml</value>
        <value>/mapping/RegfeedecuseAllowed.hbm.xml</value>
        <value>/mapping/RegfeedecuseHistory.hbm.xml</value>
        <value>/mapping/EcExtoftime.hbm.xml</value>
        <value>/mapping/EcRegistration.hbm.xml</value>
        <value>/mapping/TransactionTypeFilePrefix.hbm.xml</value>
        <value>/mapping/RegistrationRenewalWeb.hbm.xml</value>
        <value>/mapping/CitedLinks.hbm.xml</value>
        <value>/mapping/OppositionCitedMarks.hbm.xml</value>
        <value>/mapping/OppositionGroundsSubsection.hbm.xml</value>
        <value>/mapping/TradeMarkLock.hbm.xml</value>
      </list>
    </property>
    <property name="hibernateProperties">
      <props>
        <prop key="hibernate.dialect">org.hibernate.dialect.OracleDialect</prop>
        <prop key="hibernate.show_sql">false</prop>
        <prop key="hibernate.format_sql">false</prop>
        <prop key="hibernate.default_schema">tm</prop>
      </props>
    </property>
  </bean>

</beans>
