<?xml version="1.0"?>
<!DOCTYPE hibernate-mapping PUBLIC "-//Hibernate/Hibernate Mapping DTD 3.0//EN"
"http://www.hibernate.org/dtd/hibernate-mapping-3.0.dtd">
<!-- Generated 1-Mar-2018 1:14:52 PM by Hibernate Tools 3.6.0.Final -->
<hibernate-mapping>
    <class name="ca.gc.ic.cipo.tm.model.ProcessActions" table="PROCESS_ACTIONS">
        <id name="processActionsSeq" type="long">
            <column name="PROCESS_ACTIONS_SEQ" precision="10" scale="0" />
            <generator class="assigned" />
        </id>
        <property name="fileNumber" type="int">
            <column name="FILE_NUMBER" precision="7" scale="0" not-null="true" />
        </property>
        <property name="extensionCounter" type="byte">
            <column name="EXTENSION_COUNTER" precision="2" scale="0" not-null="true" />
        </property>
        <property name="processType" type="boolean">
            <column name="PROCESS_TYPE" precision="1" scale="0" not-null="true" />
        </property>
        <property name="processCode" type="short">
            <column name="PROCESS_CODE" precision="3" scale="0" not-null="true" />
        </property>
        <property name="authorityId" type="string">
            <column name="AUTHORITY_ID" length="30" not-null="true" />
        </property>
        <property name="additionalInfo" type="string">
            <column name="ADDITIONAL_INFO" length="240" />
        </property>
        <property name="alternateMailTo" type="string">
            <column name="ALTERNATE_MAIL_TO" length="2000" />
        </property>
        <property name="oppCaseNumber" type="java.lang.Short">
            <column name="OPP_CASE_NUMBER" precision="3" scale="0" />
        </property>
        <property name="officeType" type="string">
            <column name="OFFICE_TYPE" length="2" />
        </property>
        <property name="wipoReferenceNumber" type="string">
            <column name="WIPO_REFERENCE_NUMBER" length="20" />
        </property>
        <property name="irNumber" type="string">
            <column name="IR_NUMBER" length="10" />
        </property>
        <property name="processDate" type="date">
            <column name="PROCESS_DATE" length="7" />
        </property>
    </class>
</hibernate-mapping>
