<?xml version="1.0" encoding="UTF-8"?>
<application xmlns="http://java.sun.com/xml/ns/javaee" xmlns:xsi="http://www.w3.org/2001/XMLSchema-instance" xsi:schemaLocation="http://java.sun.com/xml/ns/javaee http://java.sun.com/xml/ns/javaee/application_6.xsd" version="6">
  <description>Trademark Madrid Workflow Engine Project</description>
  <display-name>CIPO-tm-madrid-workflow-engine-app</display-name>
  <module>
    <web>
      <web-uri>CIPO-tm-madrid-workflow-engine-webapp.war</web-uri>
      <context-root>/app/scr/api/cipo/tm/mwe</context-root>
    </web>
  </module>
</application>